,partner,listGroup
0,PRADAN,ABC
1,PRADAN,Basumati
2,PRADAN,Gopabandhu
3,PRADAN,Maa laxmi 
4,PRADAN,Maa Tarini 
5,PRADAN,Laxmi narayani 
6,PRADAN,Sunamukhi 
7,PRADAN,Janaki
8,PRADAN,Erachin do sakam sundari 
9,PRADAN,Sunasansnasara 
10,PRADAN,Jamuneswari 
11,PRADAN,Jai sree ram 
12,PRADAN,Marang buru 
13,PRADAN,Maa Laxmi
14,PRADAN,Maa Laxmi
15,PRADAN,Jay Maa Santoshi
16,PRADAN,Maa Tarini
17,PRADAN,Sibani
18,PRADAN,Radharani
19,PRADAN,Laxman UKS 
20,PRADAN,Laxmi Mahila Samiti
21,PRADAN,Jyoti Mahila Samiti 
22,PRADAN,Laxmi Mahila Samiti
23,PRADAN,Sakti Roopa UKS
24,PRADAN,Jay Ma Sharda Mahila Samiti
25,PRADAN,Santoshi Mahila Samiti 
26,PRADAN,Maa Narmada UKS 
27,PRADAN,Godawari UKS 
28,PRADAN,Ganga Maiya
29,PRADAN,Dropati Mahila Samiti
30,PRADAN,Narmada Maiya
31,PRADAN,Bharat Mata Mahila Samiti
32,PRADAN,Amar Joyti Mahila Samiti
33,PRADAN,Rani Durgawati Mahila Samiti
34,PRADAN,Saraswati Mahila Samiti
35,PRADAN,Saraswati  mahila Samiti
36,PRADAN,Kairda Mahila Samiti
37,PRADAN,Sarsawati Mahila Samiti
38,PRADAN,Ma Durga Mahila Samiti
39,PRADAN,Ganga Mahila Samiti
40,PRADAN,Ma Narmada Mahila Samiti
41,PRADAN,Radha Maiya Mahila Samiti
42,PRADAN,Ma Sharda Mahila Samiti
43,PRADAN,Laxmi Mahila Samiti
44,PRADAN,Surja mahila Samiti
45,PRADAN,Saraswari Tejaswani Mahila Samiti
46,PRADAN,Seeta Tejsawani
47,PRADAN,Jai Ma Durga USK
48,PRADAN,Narmada Tejsawani Mahila Samiti
49,PRADAN,Rosni Tejsawani Mahila Samiti
50,PRADAN,Durga Tejsawani Mahila Samiti
51,PRADAN,Gramin Vikash Mahila Samiti
52,PRADAN,Sramkosh Mahila Samiti
53,PRADAN,Yamuna Mahila Samiti
54,PRADAN,Narmada Mahila Samiti
55,PRADAN,Santoshi Tejaswani Mahila Samiti
56,PRADAN,Durga Tejaswani Mahila Samiti
57,PRADAN,Thakur Dev Mahila Samiti
58,PRADAN,Narmada Tejaswani Mahila samiti
59,PRADAN,Jyoti Tejaswani Mahila Samiti
60,PRADAN,Laxmi Mata Mahila Samiti
61,PRADAN,Parwati Mahila Samiti
62,PRADAN,Santoshi Mahila Samiti
63,PRADAN,Durga Maiya Mahila Samiti
64,PRADAN,Ma Laxmi Mahila Samiti
65,PRADAN,Ganga Maiya Magila Samiti
66,PRADAN,Vishnodevi Mahila Samiti 
67,PRADAN,Sharda Mahila Samiti
68,PRADAN,Narmada Mahila Samiti
69,PRADAN,Thakurdev Mahila Samiti 
70,PRADAN,Khermai Mahila Samiti
71,PRADAN,Laxmi Mahila Samiti 
72,PRADAN,Ma Saraswati Mahila Samiti 
73,PRADAN,Narmada Tejaswani Mahila Samiti
74,PRADAN,Sharda Tejaswani Mahila Samiti
75,PRADAN,Durga Mahila Samiti
76,PRADAN,Narmada Mahila Samiti
77,PRADAN,Vijay Laxmi Mahila Samiti
78,PRADAN,Mai Narmada Svam Shanti mahila samiti
79,PRADAN,Swam Shanti Mahila Samiti
80,PRADAN,Kali Mahila Samiti
81,PRADAN,Stynam Mahila Samiti
82,PRADAN,Rani Avanti Mahila Samiti
83,PRADAN,Rani Durga Mahila Samiti
84,PRADAN,Indragandhi Mahila Samiti
85,PRADAN,Indragabdhi Mahila Samiti
86,PRADAN,Jai Maa Parwati Mahila Samiti
87,PRADAN,Jai Maa Jamuna Mahila Samiti 
88,PRADAN,Bhagy Laxmi Mahila Samiti
89,PRADAN,Khermai mahila Samiti 
90,PRADAN,Shakti Mahila Samiti 
91,PRADAN,Rani Laxmi Bai Mahila Samiti 
92,PRADAN,Pragati Mahila Samiti 
93,PRADAN,Brandwasni Mahila Samiti
94,PRADAN,Sherawali Mahila Samiti
95,PRADAN,Sonsay  Mahila samiti 
96,PRADAN,Jay Gondwana Mahila Samiti
97,PRADAN,Ramlala Mahila Samiti
98,PRADAN,Gayatri Mahila Samiti
99,PRADAN,Durga Mahila Samiti 
100,PRADAN,saraswati Mahila Samiti
101,PRADAN,Santoshi Mahila Samiti 
102,PRADAN,Narmada Mahila Samiti
103,PRADAN,Kasturi Mahila Samiti
104,PRADAN,Suryoday Mahila Samiti
105,PRADAN,Setusram Mhila Samiti
106,PRADAN,Ma Santoshi Mahila Samiti
107,PRADAN,Sarawati Mahila Samiti 
108,PRADAN,Ma Narmada Mahila Samiti
109,PRADAN,Ma Laxmi Mahila Samiti
110,PRADAN,Ma Durga Mahila Samiti
111,PRADAN,Parwati Mahila Samiti
112,PRADAN,Narmada Mahila Samiti
113,PRADAN,Jai Durga Ma Mahila Samiti
114,PRADAN,Rani Durgawati Mahila Samiti
115,PRADAN,Ma Narmada Mahila Samiti
116,PRADAN,Laxmi Mahila Samiti 
117,PRADAN,Saraswati Mahila Samiti
118,PRADAN,Samaru Singh Mahila Samiti
119,PRADAN,Badadev Mahila Samiti
120,PRADAN,Avanti Mahila Samiti 
121,PRADAN,Durga Mahila Samiti
122,PRADAN,Sri Ganga Sagar Mahila Samiti
123,PRADAN,Puja Mahila Samiti 
124,PRADAN,Kamalawati Mahila Samiti
125,PRADAN,Laxmi Tejaswani  Mahila Samiti
126,PRADAN,Shanti Tejswani Mahila Samiti
127,PRADAN,Pragati UKS
128,PRADAN,Kharmer Ganj Mahila Samiti
129,PRADAN,Sumata Sang Mahila Samiti
130,PRADAN,Gangajal Mahila Samiti
131,PRADAN,Jwala Mahila Samiti
132,PRADAN,Varsha Mahila Samiti
133,PRADAN,Jai Ma Maiya Mahila Samiti
134,PRADAN,Jamuna Sagar Mahila Samiti
135,PRADAN,Vijay Laxmi Mahila Samiti
136,PRADAN,Jai Ma Kali Mahila Samiti
137,PRADAN,Saraswati Maiya Mahila Samiti
138,PRADAN,Ma Narmada Mahila Samiti
139,PRADAN,Ma Durga Mahila Samiti 
140,PRADAN,Ma Narmada Mahila Samiti
141,PRADAN,Seeta Maiyaa Mahila Samiti
142,PRADAN,Siddh Baba Mahila Samiti 
143,PRADAN,Narmada Mahila Samiti
144,PRADAN,Ma Laxmi Mahila Samiti
145,PRADAN,Mogara Mahila Samiti 
146,PRADAN,Chameli Mahila Samiti 
147,PRADAN,Saraswati Mahila Samiti
148,PRADAN,Durgawati Mahila Samiti
149,PRADAN,Durgawati Mahila Samiti
150,PRADAN,jai Ma Durga Mahila Samiti
151,PRADAN,Ma Ganga Mahila Samiti 
152,PRADAN,Sherawati Mahila Samiti
153,PRADAN,Ma Durga Te. Mahila Samiti 
154,PRADAN,Khairmai Mahila Samiti
155,PRADAN,Jaiyanti Mahila Samiti
156,PRADAN,Eakta Mahila Samiti
157,PRADAN,Santoshi Mahila Samiti
158,PRADAN,Hariom Mahila Samiti 
159,PRADAN,Jay Gondwana Mahila Samiti
160,PRADAN,Rani Durgawati Mahila Samiti
161,PRADAN,Ma Narmada Mahila Samiti 
162,PRADAN,Vishesh Adiwasi Mahila Samiti
163,PRADAN,Jaiy Ma Saraswati Mahila Samiti
164,PRADAN,Puja Mahila Samiti
165,PRADAN,Sharda Mahila Samiti
166,PRADAN,Samaru Singh Masram Mahila Samiti
167,PRADAN,Saraswati Mahila Samiti
168,PRADAN,Saraswati Mahila Samiti  
169,PRADAN,Jaiy Ma Laxmi Mahila Samiti
170,PRADAN,Chandrama Mahila Samiti
171,PRADAN,Vishno Mahila Samiti
172,PRADAN,Ganga Mahila Samiti
173,PRADAN,Prem Laxmi Mahila Samit
174,PRADAN,Jarmuna Mahila Samiti
175,PRADAN,Raj Laxmi Mahila Samiti
176,PRADAN,Jay Khermai Mahila Samiti
177,PRADAN,Shiv Mahila Samiti 
178,PRADAN,Narmada Mahila Samiti
179,PRADAN,Ma Saraswati Mahila Samiti
180,PRADAN,Ma Narmada Mahila Samiti
181,PRADAN,Rani Duragwati Mahila Samiti
182,PRADAN,Jay Ma Laxmi Mahila Samiti
183,PRADAN,Jay Ma Saraswati Mahila Samiti
184,PRADAN,Vijay Laxmi Mahila Samiti
185,PRADAN,Jay Ma Laxmi Mahila Samiti
186,PRADAN,Amar Joyti Mahila Samiti
187,PRADAN,Laxmi Mahila Samiti 
188,PRADAN,Bajrang Mahila Samiti
189,PRADAN,Jivan Mahila Samiti
190,PRADAN,Ma Durga Mahila Samiti
191,PRADAN,Narmda Mahila Samit
192,PRADAN,Jay Ma Laxmi  Mahila Samiti
193,PRADAN,Ma Durga Mahila Samiti
194,PRADAN,Parwati Mahila Samiti
195,PRADAN,Rani Durgawati Mahila Samiti
196,PRADAN,Sharda Mahila Samiti
197,PRADAN,Ma Saraswati Mahila Samiti
198,PRADAN,Khermai Mahila Samiti
199,PRADAN,Jay Ma Thakurdev Mahila Samiti
200,PRADAN,Rani Dugawati Mahila Samiti
201,PRADAN,Jagrati Mahila Samiti
202,PRADAN,Ganga Mahila Samiti
203,PRADAN,Jagrati Mahila Samiti
204,PRADAN,Ma Narmada Mahila Samiti
205,PRADAN,Laxmi Mahila Samiti
206,PRADAN,Suraj Mahila Samiti
207,PRADAN,Laxmi Mahila Samiti
208,PRADAN,Sahara Samiti Mahila 
209,PRADAN,Sharda Mahila Samiti
210,PRADAN,Roshni Mahila Samiti
211,PRADAN,Saraswati Mahila Samiti
212,PRADAN,Narmada Mahila Samiti
213,PRADAN,Ma Narmada Mahila Samiti
214,PRADAN,Devi Sharda Mahila Samiti
215,PRADAN,Anpurna Mahila Samiti
216,PRADAN,Ratrani Mahila Samiti
217,PRADAN,Nutan Mahila Samiti
218,PRADAN,Laxmi Mahila Samiti
219,PRADAN,Saraswati Mahila Samiti
220,PRADAN,Arti Mahila Samiti
221,PRADAN,Durga Maiya Mahila Samiti
222,PRADAN,Ma Narmada Mahila Samiti
223,PRADAN,Maha Laxmi Mahila Samiti
224,PRADAN,Durga Mahila Samiti
225,PRADAN,Devi Sharda Mahila Samiti
226,PRADAN,Anpurna Mahila Samiti
227,PRADAN,Sharda Mahila Samiti
228,PRADAN,Rani Durgawati Mahila Samiti
229,PRADAN,Ma Santoshi Mahial Samiti
230,PRADAN,Jay ma Sarswati Mahila Samiti
231,PRADAN,Ganga Mahila Samiti
232,PRADAN,Durga Chouk Mahila samiti
233,PRADAN,MahaLaxmi Mahila Samiti
234,PRADAN,Ma Sharda Mahila Samiti
235,PRADAN,Ma Santoshi Mahila Samiti 2
236,PRADAN,Ma Durga Maiya Mahila Samiti 
237,PRADAN,Balram Mahila Samiti
238,PRADAN,Jagdamba Mahila Samiti
239,PRADAN,Jay Shivparwati Mahila Samiti
240,PRADAN,Bharat Mata Mahila Samiti
241,PRADAN,Surbhi Mahila Samiti
242,PRADAN,Shiv Mahila Samiti
243,PRADAN,Ganga Maiya Mahila Samiti
244,PRADAN,Bhartamata Mahila Samiti
245,PRADAN,Vikash Seel Mahila Samiti 
246,PRADAN,Jay Ma Laxmi
247,PRADAN,Sharda Mahila Samiti
248,PRADAN,Narmada Mahila Samiti
249,PRADAN,Saraswati Mahila Samiti 2
250,PRADAN,Parwati Mahila Samit 2
251,PRADAN,Ma Ambe  Mahila Samiti
252,PRADAN,Vishesh Mahila Samiti
253,PRADAN,Durga Mahila Samiti 
254,PRADAN,Mahatma Gandhi Mahila Samiti
255,PRADAN,Ganga Mahila Samiti 
256,PRADAN,Ma Durga Mahila Samiti
257,PRADAN,Laxmi Mahila Samiti
258,PRADAN,Jyoti Nuwseed Mahila Samiti
259,PRADAN,Narmada Mahila Samiti 2 
260,PRADAN,Jay Sriram Mahila Samiti
261,PRADAN,Jay Shiv Mahila Samiti
262,PRADAN,Ma Laxmi Mahila Samiti
263,PRADAN,Ma Laxmi Mahila Samiti
264,PRADAN,Santoshi Mahila Samiti
265,PRADAN,Narmada Mahila Samiti 
266,PRADAN,Durga Mahila Samiti 
267,PRADAN,Narmada  Tejaswani Mahila Samiti 
268,PRADAN,Mekalsuta Shivsakti M.S
269,PRADAN,Jay Amde Mahila Samiti
270,PRADAN,Jagdamba Mahila M.S
271,PRADAN,Shakhi mahila samiti
272,PRADAN,Kalpana samiti
273,PRADAN,Krishna Mahila Samiti
274,PRADAN,Gramwasi Samiti 
275,PRADAN,Gurukrapa Mahila Samiti
276,PRADAN,Shiv Sakti Mahila Samiti 
277,PRADAN,Saraswati Mahila Samiti
278,PRADAN,Chandrama Mahila Samiti 2
279,PRADAN,Ma Narmada Mahila Samiti
280,PRADAN,Sura Sagen M M
281,PRADAN,Upal Ba MM
282,PRADAN,Jeewan Bha MM
283,PRADAN,Perwaghag MM  A 
284,PRADAN,Beli MM
285,PRADAN,Hede Baha
286,PRADAN,Tara 
287,PRADAN,Jyoti
288,PRADAN,Marshal
289,PRADAN,Roshni
290,PRADAN,Atal Baha
291,PRADAN,Deep Jyoti M M
292,PRADAN,Jeewan Jyoti Mahila Samooh
293,PRADAN,Gulab Mahila Samooh
294,PRADAN,Jagdamba Tejaswani Mahila Samiti
295,PRADAN,Radha Krishna Tejaswani Mahila Samiti
296,PRADAN,durga mahila samiti
297,PRADAN,Parwati mahila samiti 
298,PRADAN,Mangall Mahila Samiti
299,PRADAN,Tulsi Mahila Samiti
300,PRADAN,Mahalaxmi mahila samiti
301,PRADAN,Radhe krishna mahila samiti
302,PRADAN,Shraddha mahila samiti
303,PRADAN,Sarda mahila samiti
304,PRADAN,Narmada mahila samiti
305,PRADAN,Laxmi mahila samiti
306,PRADAN,Ekta Tejswani mahila samiti
307,PRADAN,Bhagya Laxmi Tejswani mahila samiti
308,PRADAN,Saraswati tejswani mahila samiti
309,PRADAN,Durga Tejswani mahila samiti
310,PRADAN,Maa Reva Mahila Samiti
311,PRADAN,Rajiv Gandhi Mahila Samiti
312,PRADAN,Rani Durgawati Mahila Samiti
313,PRADAN,Maa Khero Mahila Samiti
314,PRADAN,Rani durgawati tej. mahila samiti 
315,PRADAN,laxmi tejaswini mahila smiti
316,PRADAN,sadguru tejaswini mahila samiti
317,PRADAN,gangotri tejaswni mahila samiti 
318,PRADAN,maa durga tejashwni mahila samiti
319,PRADAN,Rani drgawati tej mahila samiti
320,PRADAN,parwatii tejaswini mahila samiti
321,PRADAN,nirmala mahila samiti
322,PRADAN,narmada mahila saiti
323,PRADAN,amarjyoti maila samiti
324,PRADAN,geetanjli mahila samiti
325,PRADAN,safed palash mahila samiti
326,PRADAN,kiran mahila samiti
327,PRADAN,sarda tejaswini mahila samiti
328,PRADAN,Narmada tej mahila samiti
329,PRADAN,Krishna tejasvini samiti
330,PRADAN,Lakshmi mahila tejaswini samiti
331,PRADAN,Gondwana mahila tejaswini samiti
332,PRADAN,Seva mahila tejaswini samiti
333,PRADAN,Rani durgawati mahila tejaswini samiti
334,PRADAN,Ganga mahila tejaswini samiti
335,PRADAN,Yamuna mahila tejaswini samiti
336,PRADAN,Narayani  Tejaswni mahila Samiti
337,PRADAN,Jagdambey  Tejaswni Mahila Samiti
338,PRADAN,Juwala  Tejaswani Mahila Samiti
339,PRADAN,jagrati tejaswini mahila samiti
340,PRADAN,Pooja tejaswini mahila samiti
341,PRADAN,Ganga  tejaswinni mahila samiti
342,PRADAN,Jyoti tejaswini mahila samiti
343,PRADAN,Gyan jyoti tejaswini mahila samiti 
344,PRADAN,Narmada tejaswini mahila samiti
345,PRADAN,jai maa ambe tejaswini mahila samiti
346,PRADAN,saraswati tajaswni mahila samiti
347,PRADAN,Om tejaswani mahila samiti
348,PRADAN,jeevanshanti tejaswani mahila samiti
349,PRADAN,Gondwana tejaswani mahila samiti 
350,PRADAN,Santoshi tejaswani mahila samiti
351,PRADAN,Jagdambe tejaswani mahila samiti
352,PRADAN,Triveni tejaswani mahila samiti
353,PRADAN,kalpna mahila tejashwini samiti
354,PRADAN,bhoi tola mahila tejashwini samiti
355,PRADAN,ekta mahila tejashwini samiti
356,PRADAN,karuna mahila tejashwini samiti
357,PRADAN,Durgawati tejashwini mahila smiti
358,PRADAN,Sunsaheli tejashwini mahila smiti
359,PRADAN,Badadev tejashwini mahila smiti
360,PRADAN,Khermai tejashwini mahila smiti
361,PRADAN,Jyoti mahila tejaswini samiti
362,PRADAN,parvati mahila tejaswini samiti
363,PRADAN,durgavati mahila tejaswini samiti
364,PRADAN,saraswati mahila tejaswini samiti
365,PRADAN,ma durgabati tejaswani mahila samiti
366,PRADAN,Jeevan jyoti tejaswani mahila samiti
367,PRADAN,ma saraswati saja tola tejaswani mahila samiti
368,PRADAN,Ma saraswati tejaswani mahila samiti
369,PRADAN,Maa durgavati mahila tejaswini samiti
370,PRADAN,Durgawati mahila tejaswani samiti
371,PRADAN,Ma narmda tejaswni mahila samiti
372,PRADAN,shrowta tejaswani mahila samiti
373,PRADAN,arti tejaswani mahila samiti
374,PRADAN,sakhi tejaswani mahila samiti
375,PRADAN,Ganga tejaswani mahila samiti
376,PRADAN,Pooja tejaswini mahila samiti
377,PRADAN,Tejaswini mausam mahila samiti 
378,PRADAN,Tejaswini tikaram mahila samiti
379,PRADAN,Tejaswini Shri ram mahila samiti
380,PRADAN,Tejaswini sheetla mahila samiti
381,PRADAN,Tejaswini jai laxmi mahila samiti
382,PRADAN,Tejaswini laxmi mahila samiti
383,PRADAN,Tejaswini vidyasagar mahila samiti
384,PRADAN,Tejaswini maha mai mahila samiti
385,PRADAN,Tejaswini Khermai maihila samit 
386,PRADAN,Tejaswini jai maa saraswati mahila samiti
387,PRADAN,Tejaswini Radhika mahila samiti
388,PRADAN,Pooja tejaswini mahila samiti 
389,PRADAN,Ganga tejaswini mahila samiti
390,PRADAN,Mamta  tejaswini mahila ssamiti
391,PRADAN,Laxmi tejaswini mahila samiti
392,PRADAN,Kama Ba Mahila Mandal
393,PRADAN,Dipaitan Mahila Mandal
394,PRADAN,Production farmer group
395,PRADAN,Nilini
396,PRADAN,Prem
397,PRADAN,Sugandh Samiti
398,PRADAN,Turtan Singh
399,PRADAN,Sivasakthi
400,PRADAN,Ulimanjar Mahila Mandal
401,PRADAN,Production farmer group 2
402,PRADAN,Production farmer group 3
403,PRADAN,"Maa Tulashi, Baba Mukteswara"
404,PRADAN,"Gajalaxmi, Maa Tarini"
405,PRADAN,"Balhe Sagen, Aang Marshal"
406,PRADAN,"Marangbanga, Dharitree"
407,PRADAN,"Maa Basuki Devi, Maa Santoshi"
408,PRADAN,"Sagun Sarna,Marshal Mahila Kendra"
409,PRADAN,"Shiv Parbati, Kaa Shanti Niketan"
410,PRADAN,"Shivani,Bijal Bale Bijali Taras"
411,PRADAN,"Athra Deuli, Maa Laxmi"
412,PRADAN,"Marangburu Samled,Sagar Serali"
413,PRADAN,"Maa Mangala, Maa Kichikeshwari"
414,PRADAN,"Sri Krishna, Maa Tulashi"
415,PRADAN,"Maa Gajabiani, Baitrani Om Maa Tarini"
416,PRADAN,"Maa Binapani, Maa Durga"
417,PRADAN,"Sibasakti,Bholanath"
418,PRADAN,Laxminarayan
419,PRADAN,Maa Parbati
420,PRADAN,"Maa Chandipat,Maa Tarini"
421,PRADAN,"Maa Besauli,Laxminarayan"
422,PRADAN,"Sarjamburu,Dinga Marshal,Maa Gouri Shree Chandyapat"
423,PRADAN,"Sarjamburu,Dinga Marshal,Maa Gouri Shree Chandyapat-2"
424,PRADAN,Tiliye Baha
425,PRADAN,Fulwari Mahila Mandal
426,PRADAN,Marshal Mahila Mandal
427,PRADAN,Sarjom Baha Mahila Mandal
428,PRADAN,Vina Mahila Mandal
429,PRADAN,Hereman Mahila Mandal
430,PRADAN,Sunaila Mahila Mandal
431,PRADAN,Rupamani Mahila Mandal
432,PRADAN,Shanti Lata Mahila Mandal
433,PRADAN,Jamuna UKS 
434,PRADAN,Marang Buru
435,PRADAN,Kiran
436,PRADAN,Chandini
437,PRADAN,Jyoti
438,PRADAN,Gulabi Mahila Mandal
439,PRADAN,Jyoti
440,PRADAN,Kamalbha
441,PRADAN,Santhoshi
442,PRADAN,Chutruburu
443,PRADAN,Perwaghagh Mahila Mandal
444,PRADAN,Angur bandha
445,PRADAN,Perwaghagh
446,PRADAN,Desawali Mahila Mandal
447,PRADAN,Karo
448,PRADAN,Richigutu
449,PRADAN,Sudita MM
450,PRADAN,Suku Sangen MM
451,PRADAN,Lonzo Desawali
452,PRADAN,Saraswati MM
453,PRADAN,Matkoraiyan Desawali MM
454,PRADAN,Dushum Turtung MM
455,PRADAN,Seya Maskal MM
456,PRADAN,Subhalaxmi
457,PRADAN,Chameli M M
458,PRADAN,Kanaili M M
459,PRADAN,Genda ba M M
460,PRADAN,Kamal M M 
461,PRADAN,Gulab Baha M M 
462,PRADAN,Gulab Bah M M 
463,PRADAN,Sarjam Bah M M 
464,PRADAN,Sarjam Sura M M 
465,PRADAN,Dularmisi Cluster
466,PRADAN,Gulainchi Bah M M
467,PRADAN,Mala M M
468,PRADAN,Sarjam Bah M M
469,PRADAN,Sarna Samiti M M
470,PRADAN,Budu bah M M
471,PRADAN,Gulab Bah M M
472,PRADAN,Mahila Vikas M M
473,PRADAN,budu bah
474,PRADAN,Chameli
475,PRADAN,Sarjom bah
476,PRADAN,Saraswati Mahila Samiti
477,PRADAN,Laxmi Mahila Samiti
478,PRADAN,Chandani Tejaswani Mahila Samiti
479,PRADAN,Jai ambe Tejaswani Mahila Samiti
480,PRADAN,Durga Tejaswani Mahila Samiti
481,PRADAN,Krishna Radha Tejaswani Mahila Samiti
482,PRADAN,Devi Sharda Tejaswani Mahila Samiti
483,PRADAN,Laxmi Tejaswani Mahila Samiti
484,PRADAN,Saraswati Tejaswani Mahila Samiti
485,PRADAN,Sharda Tejaswani Mahila Samiti
486,PRADAN,Saraswati Tejaswani Mahila Samiti 1
487,PRADAN,Laxmi Tejaswani Mahila Samiti
488,PRADAN,Saraswati Tejaswani Mahila Samiti 2
489,PRADAN,Ma Durga Tejaswani Mahila Samiti
490,PRADAN,Yashoda Tejaswani Mahila Samiti
491,PRADAN,Durga Tejaswani Mahila Samiti
492,PRADAN,Santoshi Tejaswani Mahila Samiti
493,PRADAN,Nandani Tejaswani Mahila Samiti
494,PRADAN,Gangavati Tejaswani Mahila Samiti
495,PRADAN,Shiv Parvati Tejaswani Mahila Samiti
496,PRADAN,Yamuna Tejaswani Mahila Samiti
497,PRADAN,Narmada Tejaswani Mahila Samiti
498,PRADAN,Saraswati Tejaswani Mahila Samiti
499,PRADAN,Laxmi Mahila Samiti
500,PRADAN,Bajarang Mahila Samiti
501,PRADAN,Ganga Mahila Samiti
502,PRADAN,Yamuna Mahila Samiti
503,PRADAN,Shankar Dev Mahila Samiti
504,PRADAN,Jagrani Tejaswani Mahila Samiti
505,PRADAN,Laxmi Tejaswani Mahila Samiti
506,PRADAN,Santoshi Mahila Samiti
507,PRADAN,Sadabahar Tejaswani Mahila Samiti
508,PRADAN,Saraswati Mahila Samiti 1
509,PRADAN,Ambe Bhawani Tejaswani Mahila Samiti
510,PRADAN,Khushbu Tejaswani Mahila Samiti
511,PRADAN,Navrang Mahila Samit
512,PRADAN,Santoshi Tejaswani Mahila Samiti
513,PRADAN,Navchetana Mahila Samiti
514,PRADAN,Sharda Mahila Samiti
515,PRADAN,Saraswati Mahila Samiti 2
516,PRADAN,Narmada Mahila Samiti
517,PRADAN,Durga Mahila Samiti
518,PRADAN,Laxmi Mahila Samiti
519,PRADAN,Kisan Samiti
520,PRADAN,Group-1 
521,PRADAN,Sarjom Bah
522,PRADAN,Bale Sagen
523,PRADAN,Roshini MM
524,PRADAN,Burubonga MM
525,PRADAN,Deepak MM
526,PRADAN,Nawa Srijan MM
527,PRADAN,Jatimarshal MM
528,PRADAN,Tetekocha MM
529,PRADAN,Sagen Upal MM
530,PRADAN,Kiya Jharna MM
531,PRADAN,Kherwad Jumid MM
532,PRADAN,Maniburu MM
533,PRADAN,Burui Ba MM
534,PRADAN,Jai Maa Bhawani MM
535,PRADAN,Galog Bah MM
536,PRADAN,Hari Krishna MM
537,PRADAN,Jaima Kera MM
538,PRADAN,Maa Laxmi MM
539,PRADAN,Surajmukhi MM
540,PRADAN,Singh Bonga MM
541,PRADAN,Seya Maskal MM
542,PRADAN,Sura Sangen MM
543,PRADAN,Santoshi Maa MM
544,PRADAN,Sange Sakam MM
545,PRADAN,Balwikash MM
546,PRADAN,Sarswati Maa MM
547,PRADAN,Maa Tarini MM
548,PRADAN,Sude Sagen MM
549,PRADAN,Punai Chandu MM
550,PRADAN,Hatu Maskal MM
551,PRADAN,Amdhani MM
552,PRADAN,Shanti MM
553,PRADAN,Gulab Bah MM
554,PRADAN,Roshini MM
555,PRADAN,Kamal Bah MM
556,PRADAN,Ang Marshal MM
557,PRADAN,Chameli
558,PRADAN,Asulo Hora MM
559,PRADAN,Deep Jyoti MM
560,PRADAN,Bijli Maskal MM
561,PRADAN,Dishum Rumul MM
562,PRADAN,Desauli MM
563,PRADAN,Sanju MM
564,PRADAN,Durga Devi MM
565,PRADAN,Epil Turtung MM
566,PRADAN,Sarjom Bah MM
567,PRADAN,Sarswati MM
568,PRADAN,Jojo Bah MM
569,PRADAN,Bale Sagen MM
570,PRADAN,Suraj Ki Kiran MM
571,PRADAN,Kamla MM
572,PRADAN,Surajmani MM
573,PRADAN,Golanchi Bah MM
574,PRADAN,Maa Laxmi MM
575,PRADAN,Ate Turtung MM
576,PRADAN,Maa Santoshi MM
577,PRADAN,Ulibaa MM
578,PRADAN,Malin Bah MM
579,PRADAN,Kudi Susar Kumuti MM
580,PRADAN,Laxmi MM
581,PRADAN,Rajni MM
582,PRADAN,Malin Bah MM
583,PRADAN,Singi Ole Marshal MM
584,PRADAN,Durga Devi 2 MM
585,PRADAN,Sarjom Bah MM
586,PRADAN,Jai Ma Santoshi Mahila Samiti 
587,PRADAN,Laxami Mahila Samiti 
588,PRADAN,Raat ki Rani
589,PRADAN,Julaab
590,PRADAN,Surymukhi
591,PRADAN,Antan M.M
592,PRADAN,Atal Baha M.M
593,PRADAN,Rupani M.M
594,PRADAN,Turtan M.M.
595,PRADAN,Parwati Maa MM
596,PRADAN,Jagrani
597,PRADAN,Tilai baha
598,PRADAN,Shanti
599,PRADAN,Sarjomala
600,PRADAN,Radhe Krishna
601,PRADAN,Baitrani Maa Duwarsani
602,PRADAN,Biswaa Maa Kichikeshwari
603,PRADAN,Maa Manisha
604,PRADAN,Adivasi Vikas
605,PRADAN,Shankari
606,PRADAN,Maataji
607,PRADAN,Maa Tarini
608,PRADAN,Shiv Shankar Tejaswani mahila samiti
609,PRADAN,Jhinjhi Tola Resham Samuh
610,PRADAN,Sadak Tola Resham Samuh
611,PRADAN,Lapti Tola Resham Samuh
612,PRADAN,Manua Tola Resham Samuh
613,PRADAN,Rani Durgavati Tejaswani Mahila Samiti
614,PRADAN,Saraswati Tejaswani Mahila Samiti
615,PRADAN,Navchetna Tejaswani Mahila Samiti
616,PRADAN,Laxmi Tejaswani Mahila Samiti
617,PRADAN,Farmer Group-1
618,PRADAN,Sirish Baha M.M
619,PRADAN,Sarjom baha M.M
620,PRADAN,Joji soso peruwa ghag M.M
621,PRADAN,Upal Baha M.M
622,PRADAN,Ang Marshal1
623,PRADAN,Unnat Krishi Swasahayata Samuh 2
624,PRADAN,Durgawati Bai Mahila Samiti
625,PRADAN,Unnat Krishi Swasahayata Samuh 1
626,PRADAN,Narmada Mahila Samiti
627,PRADAN,Narmada Unnat Krishi Samuh
628,PRADAN,Ma Narmada Unnat Krishi Samuh
629,PRADAN,Shankar Bhagwan UKS
630,PRADAN,Santoshi Mahila Samiti
631,PRADAN,Ganga UKS
632,PRADAN,Narmada UKS
633,PRADAN,MahaLaxmi Mahila Samiti
634,PRADAN,Ikta Mahila Samiti
635,PRADAN,Ma Durga UKS
636,PRADAN,Ma Laxmi Mahila Samiti
637,PRADAN,Balram UKS 1
638,PRADAN,Jay Laxmi Mahila Samiti
639,PRADAN,Gondwana UKS
640,PRADAN,Ma Narmada UKS
641,PRADAN,Ma Narmada Maiya UKS
642,PRADAN,Prakash UKS
643,PRADAN,Ujala UKS
644,PRADAN,Jagriti UKS
645,PRADAN,Dropati Mahila Samiti
646,PRADAN,Pragati UKS
647,PRADAN,Rahul Gandhi UKS
648,PRADAN,Raju Gandhi UKS
649,PRADAN,Sahara UKS 1
650,PRADAN,Krishna UKS
651,PRADAN,Pragati UKS 1 Bahmni
652,PRADAN,Sahara UKS 2
653,PRADAN,Narmada UKS
654,PRADAN,Krishna UKS 
655,PRADAN,Radha UKS
656,PRADAN,Saraswati UKS
657,PRADAN,Ma Hitkarni UKS
658,PRADAN,Narmada Mahila Samiti
659,PRADAN,Ganga Tejsawani Mahila Samiti
660,PRADAN,Laxmi UKS
661,PRADAN,Ganga UKS
662,PRADAN,1
663,PRADAN,Sita UKS
664,PRADAN,Kasturva UKS
665,PRADAN,Jai Ambe UKS
666,PRADAN,Nav Jagran UKS
667,PRADAN,Ma Durga Tejaswani Mahila Samiti
668,PRADAN,Ma Budhi UKS
669,PRADAN,Gandhi Tejsawani Mahila samiti
670,PRADAN,Rani Durgavati Mahila Samiti
671,PRADAN,Rajeev Gandhi UKS Barsingha Maal
672,PRADAN,Mahatma Gandhi UKS Barsingha Raiyat
673,PRADAN,Jai Ma Durga Barsingha maal UKS
674,PRADAN,Guaira Parvati Barsingha Maal UKS
675,PRADAN,Jay ganga maiya uks
676,PRADAN,Jay Maa Laxmi 
677,PRADAN,Jay ma Sarswati Bijouri Mal
678,PRADAN,Tara MM
679,PRADAN,Amrata UKS Bhakha Raiyat
680,PRADAN,Bajrang Mahila Samiti Bilasar
681,PRADAN,Ma Santoshi Mahila Samiti
682,PRADAN,Ma Durga Mahila Samiti
683,PRADAN,Durga Uks (2)
684,PRADAN,Gondvana Uks (2)
685,PRADAN,Satsangi MM
686,PRADAN,Sri Ram Mandir MM
687,PRADAN,Sri Ganesh
688,PRADAN,Jai Ma laxmi MM
689,PRADAN,Sure Sangen MM
690,PRADAN,Sarjom Bah MM
691,PRADAN,Renge Rabang MM
692,PRADAN,Sreejan MM
693,PRADAN,Jyoti MM
694,PRADAN,Kamla MM
695,PRADAN,Aseema MM
696,PRADAN,Laxmi MM
697,PRADAN,Kiyaful MM
698,PRADAN,Sarna MM
699,PRADAN,Rani Avantibai UKS Bijouri Mal
700,PRADAN,Reva UKS Jhilmila
701,PRADAN,Gondvana UKS Kevlari
702,PRADAN,Sihvnath UKS Singhanpuri
703,PRADAN,Laxmi Mahila Samiti
704,PRADAN,Vaishnav UKS Mohgaon 2
705,PRADAN,Sharda UKS Chhindha
706,PRADAN,Satguru UKS Pipariya
707,PRADAN,Ma Ambe Mahila Samiti
708,PRADAN,Narmada UKS Padariya
709,PRADAN,Yamuna UKS
710,PRADAN,Pragati UKS 2 Bahmni
711,PRADAN,Santoshi Ma MM
712,PRADAN,Ma Tara MM
713,PRADAN,Sarna MM
714,PRADAN,Siddha Baba UKS Newsa 1
715,PRADAN,Ma SHerawali UKS
716,PRADAN,Krishna UKS Kikariya
717,PRADAN,Devi Sharda UKS samnapur gaon
718,PRADAN,Jagrati Mahima Samiti
719,PRADAN,Laxmi UKS 2
720,PRADAN,Vikash Uks 2
721,PRADAN,Vikash Uks 1
722,PRADAN,Vikash UkS
723,PRADAN,Seeta tejashawani M.S.
724,PRADAN,Saraswati Tejaswani Mahila Samiti
725,PRADAN,Sury UKS 
726,PRADAN,Laxmi mahila samiti
727,PRADAN,Sima Mahila Samiti
728,PRADAN,Satti Anusuya Mahila Samiti
729,PRADAN,Somti Mahila Samiti
730,PRADAN,Sharda Mahila Samiti
731,PRADAN,Laxmi Mahila Samiti
732,PRADAN,Laxmi UKS 2
733,PRADAN,Hariyali UKS
734,PRADAN,Rani Durgawati Mahila Samiti
735,PRADAN,Rani Avanti Bai Mahila Samiti
736,PRADAN,Rani Ramgarh UKS
737,PRADAN,Jagrati UKS 
738,PRADAN,Ganga UKS
739,PRADAN,Ma Saraswati UKS
740,PRADAN,Bhavna UKS (Bilgaon)
741,PRADAN,Harit Kranti UKS
742,PRADAN,Rajni Mahila Mandal
743,PRADAN,Jagriti Mahila Mandal
744,PRADAN,Urmila Mahila Mandal
745,PRADAN,Jyoti 
746,PRADAN,Azad MM
747,PRADAN,Jai Ma Sarswati MM
748,PRADAN,Jai Maa Mangal MM
749,PRADAN,Sarjom Bah MM
750,PRADAN,Denga Depenga
751,PRADAN,Seya Maskal MM
752,PRADAN,Gulab Bah MM
753,PRADAN,Reva UKS (raiyat)
754,PRADAN,Prakash UKS 
755,PRADAN,Jagrati UKS (Chatiya
756,PRADAN,Ujala UKS (Chatiya)
757,PRADAN,Jaiy Bajrang UKS (Rampuri)
758,PRADAN,Rajeev Gandhi UKS 2
759,PRADAN,Ma Ganga Maiya Mahila Samiti
760,PRADAN,Sharda UKS (Karanpura)
761,PRADAN,Rajeev Gandhi UKS 3
762,PRADAN,Gondvana UKS 3
763,PRADAN,Rani Avanti Bai UKS 2
764,PRADAN,Hariyali UKS 2
765,PRADAN,Sai Baba UKS 
766,PRADAN,Gram Sabha
767,PRADAN,Maa Buru MM
768,PRADAN,trial m.m
769,PRADAN,Jidan Daru M M
770,PRADAN,Turtan
771,PRADAN,Upalwa  Mahila Mandal 
772,PRADAN,Santoshi UKS 2
773,PRADAN,Chameli
774,PRADAN,Bhagwan
775,PRADAN,Seya maskal
776,PRADAN,Bikas mahila mandal
777,PRADAN,Ujala Mahila Mandal
778,PRADAN,Ma Narmada  UKS (Chhapri)
779,PRADAN,Jamuna UKS (Jalda Mudia)
780,PRADAN,Jay ma Laxmi UKS
781,PRADAN,Jay Ma Laxmi  Mahila Samiti
782,PRADAN,Jay Ma Saraswati Mahila Samiti
783,PRADAN,Ma Durga Mahila Samiti
784,PRADAN,Nirmalneel UKS 2
785,PRADAN,Ma Santoshi UKS
786,PRADAN,Narmada Mahila Samiti
787,PRADAN,Narmadanchal UKS
788,PRADAN,Ma Sarashwati UKS
789,PRADAN,Ganga UKS
790,PRADAN,Jai ma sherawali UKS
791,PRADAN,Santoshi Mahila Samiti
792,PRADAN,Jai ma Durge UKS
793,PRADAN, Narmada UKS
794,PRADAN,Nava Jidan  M M ( icha )
795,PRADAN,Sant Hora M M ( Icha )
796,PRADAN,Badam Baba
797,PRADAN,Sangathan UKS
798,PRADAN,Sangathan UKS 2
799,PRADAN,Sangathan UKS 3
800,PRADAN,Sangathan UKS 
801,PRADAN,Narmada maiya UKS
802,PRADAN,Gudul Bha
803,PRADAN,Bama Sangen MM
804,PRADAN,Mere Jeevan Sathi MM
805,PRADAN,Jeevan Shanti MM
806,PRADAN,Suryamukhi  M M
807,PRADAN,Maa Santoshi MM
808,PRADAN,Maa Laxmi M M
809,PRADAN,Ekta MM
810,PRADAN,Maa Tarini MM
811,PRADAN,Nama Sangen MM
812,PRADAN,Chandni MM
813,PRADAN,Jago Tara MM
814,PRADAN,Sarjom Ba Mahila Mandal
815,PRADAN,Neelam MM
816,PRADAN,Maa Tarini 
817,PRADAN,Maa Laxmi 
818,PRADAN,Mahabir 
819,PRADAN,Sunaram 
820,PRADAN,Murmu Thakur
821,PRADAN,Maa Mangala 
822,PRADAN,Jamuneswari A
823,PRADAN,Polishree 
824,PRADAN,Maa Kichakeswari 
825,PRADAN,Chadanaburu 
826,PRADAN,Maa Laxmi 
827,PRADAN,Similipal 
828,PRADAN,Rajasree Maa Gajalaxmi 
829,PRADAN,Meghashini 
830,PRADAN,Banadebi 
831,PRADAN,Jay Maa Durga 
832,PRADAN,Seya Hora Udub Marshal
833,PRADAN,Marangburu 
834,PRADAN,Maa Laxmi 
835,PRADAN,Durgadevi 
836,PRADAN,Tulashi Maa 
837,PRADAN,Maa Mangala 
838,PRADAN,Dalmaburu 
839,PRADAN,Maa Tarini 
840,PRADAN,Sunamukhi 
841,PRADAN,Maa Basuli 
842,PRADAN,Maa Taini  
843,PRADAN,Maa Brundabati 
844,PRADAN,padmabati  
845,PRADAN,Maa tarini 
846,PRADAN,Maa Ambika 
847,PRADAN,Maa subhjadra 
848,PRADAN,Maa Tarini (Ho sahi) 
849,PRADAN,Basanti
850,PRADAN,Jagganath 
851,PRADAN,Laxmi Narayani 
852,PRADAN,Maa khudurkuni 
853,PRADAN,Maa kichakeswari 
854,PRADAN,Maa Laxmi 
855,PRADAN,Maa Sidheswari 
856,PRADAN,Saktiswar 
857,PRADAN,Maa Tarini 
858,PRADAN,Maa Laxmi 
859,PRADAN,Mahima Alekh 
860,PRADAN,Dakeipat 
861,PRADAN,Jay Maa Durga 
862,PRADAN,Kasi biswanath 
863,PRADAN,Jay Gurudev 
864,PRADAN,Maa Gayatri 
865,PRADAN,Subrna 
866,PRADAN,Sarjom bah MM
867,PRADAN,Chandani MM
868,PRADAN,Tara MM
869,PRADAN,Sarswati Maa MM
870,PRADAN,Neelam MM
871,PRADAN,Ma tarini MM
872,PRADAN,Ekta mm
873,PRADAN,Siya hora mm
874,PRADAN,Maa Saraswati
875,PRADAN,Champa Ba M.M.
876,PRADAN,Laxmi Maa MM
877,PRADAN,Desawali MM
878,PRADAN,Jharkhand MM
879,PRADAN,jai Bajrang Bali MM
880,PRADAN,Dharma Dwar MM
881,PRADAN,Shabuja Shree Shree Nageswar
882,PRADAN,Ma sarswati MM
883,PRADAN,Ma Mansa MM
884,PRADAN,Sakshar MM
885,PRADAN,Ujala
886,PRADAN,Humsafar
887,PRADAN,Sarna
888,PRADAN,Ganga-Yamuna
889,PRADAN,Aakarshini
890,PRADAN,Sarna MM
891,PRADAN,Jharkhand
892,PRADAN,Shree krishna
893,PRADAN,Shiv mandir
894,PRADAN,Shanti MM
895,PRADAN,Jeevan vikas MM
896,PRADAN,Champa chameli phool MM
897,PRADAN,Deshauli MM
898,PRADAN,Radha MM
899,PRADAN,Kamal Bha
900,PRADAN,Jai maa Laxmi MM
901,PRADAN,Kewra Bha
902,PRADAN,Kherwad Jumid
903,PRADAN,Sarswati Maa MM
904,PRADAN,Nari shakti MM
905,PRADAN,Haribah MM
906,PRADAN,Tara MM
907,PRADAN,Maa Subhalaxmi 
908,PRADAN,Maa Durgadevi
909,PRADAN,Maa Ambika 
910,PRADAN,Sindurgouri
911,PRADAN,Mundabirthakurani
912,PRADAN,Hill Block
913,PRADAN,Maa Budhipat Thakurani
914,PRADAN,Bikash
915,PRADAN,Trisakti
916,PRADAN,Maa Gayatri
917,PRADAN,Maa Tarini
918,PRADAN,Astha
919,PRADAN,Jai dharme MM
920,PRADAN,Shriya
921,PRADAN,Laxmi MM
922,PRADAN,Jeevan jyoti MM
923,PRADAN,Jai Maa Mansa M M
924,PRADAN,Maa mansa MM.
925,PRADAN,Om shanti MM 
926,PRADAN,Jagriti MM
927,PRADAN,Deshauli MM
928,PRADAN,Mali Baha M M
929,PRADAN,Birsamunda
930,PRADAN,Maa Atharadeuli
931,PRADAN,Maa Kichakeswari
932,PRADAN,Maa Saraswati
933,PRADAN,Maa Sunari
934,PRADAN,Taryba Mahila Mandal
935,PRADAN,Ba Sarjom Ba MM
936,PRADAN,Maa Tarini
937,PRADAN,Moti Thakurani
938,PRADAN,Sarna
939,PRADAN,Shubhashree
940,PRADAN,Maa Durga MM
941,PRADAN,Turtun Singi MM
942,PRADAN,Tulsi MM
943,PRADAN,Bhabagan
944,PRADAN,Maa Gojabayani
945,PRADAN,Sibaparbati
946,PRADAN,Mali bah MM
947,PRADAN,Gulanchi bah MM
948,PRADAN,Maa Buru MM
949,PRADAN,Sarila MM
950,PRADAN,Tirla jumid MM
951,PRADAN,Sarswati MM
952,PRADAN,Maa Mangala 
953,PRADAN,Durgawati tejaswani mahila samiti
954,PRADAN,Gulab MM
955,PRADAN,Ganga tejaswani mahila samiti
956,PRADAN,Mensheya MM
957,PRADAN,Narmada tejsawani mahila samiti
958,PRADAN,Maharani tejswani mahila samiti
959,PRADAN,Jyoti MM
960,PRADAN,Suraj MM
961,PRADAN,Jojo bah MM
962,PRADAN,Wan raksha MM
963,PRADAN,Srijan MM
964,PRADAN,Turtan singi MM
965,PRADAN,Gyan prakash MM
966,PRADAN,Turtung MM
967,PRADAN,Deshauli MM
968,PRADAN,Sude sangen MM
969,PRADAN,KHERO DAL MAHILA SAMITI SUDGAON
970,PRADAN,gondwana mukta sena mahila samiti
971,PRADAN,bajrang tejaswini mahila samiti
972,PRADAN,khermai tejaswini mahila samiti
973,PRADAN,laxmi tejaswini mahila samiti
974,PRADAN,saraswati tejaswini mahila samiti
975,PRADAN,narmada tejswini mahila samiti
976,PRADAN,gondwana tejswini mahila samiti
977,PRADAN,jai durga tejaswini mahila samiti
978,PRADAN,Jai maa santosi mahila samiti
979,PRADAN,Jai Bada Dev mahila samiti
980,PRADAN,Jai durga mahila samiti
981,PRADAN,shankar shah mahila samiti
982,PRADAN,Santoshi MM
983,PRADAN,Suraj MM
984,PRADAN,Deshauli MM
985,PRADAN,Sude Sakam M M
986,PRADAN,Aabue Seya Maskal MM
987,PRADAN,Makul Utub MM
988,PRADAN,Kera maa MM
989,PRADAN,Kamal Phool Mahila Mandal
990,PRADAN,Champa Ba Mahila Mandal
991,PRADAN,Maa Laxmi MM
992,PRADAN,Aabue Suku Sowyate MM
993,PRADAN,Abue Gulab Bah MM
994,PRADAN,Shanti MM
995,PRADAN,Maa Akarsini MM
996,PRADAN,Gulanchi bah MM
997,PRADAN,Hundi Ba MM
998,PRADAN,Suryamukhi MM
999,PRADAN,Chameli MM 
1000,PRADAN,Srijan MM
1001,PRADAN,Suraj MM
1002,PRADAN,Muskan MM
1003,PRADAN,bajrang tejaswini mahila samiti
1004,PRADAN,kamdhenu tejaswini mahila samiti
1005,PRADAN,rani durgawati mahila samiti
1006,PRADAN,Sarswati Maa MM
1007,PRADAN,Jai Maa Durga MM
1008,PRADAN,Dishum Maskal MM
1009,PRADAN,Jeevan shanti MM
1010,PRADAN,Jumur uprum MM
1011,PRADAN,Bamleshvari tejasvini mahila  samiti
1012,PRADAN,Mahakaushal tejasvini mahila samiti
1013,PRADAN,sheetlamai tejasvini mahila samiti
1014,PRADAN,sheetla mai mahila tejswini samiti
1015,PRADAN,Shradha tejasvini mahila samiti
1016,PRADAN,radhe krishna tejasvini mahila  samiti
1017,PRADAN,Maa Durga MM
1018,PRADAN,Antan Jagriti MM
1019,PRADAN,Elang dolang MM
1020,PRADAN,Mali Bah MM 
1021,PRADAN,Maa Jagatjanani
1022,PRADAN,Maa Gouri
1023,PRADAN,Maa Laxmi
1024,PRADAN,Maa Tarini
1025,PRADAN,Sujanashakti
1026,PRADAN,Trishakti
1027,PRADAN,Golaichi Ba MM
1028,PRADAN,Kamal Ba M.M.
1029,PRADAN,Sura Sagen MM
1030,PRADAN,Sarjom Ba MM
1031,PRADAN,Perwaghag MM B
1032,PRADAN,Laxmi Bai MM
1033,PRADAN,Rani Durgawati Mahila Samiti
1034,PRADAN,Rani Laxmi Mahila Samiti
1035,PRADAN,Durgwari Mahila Samiti
1036,PRADAN,Ma Narmada Mahila Samiti
1037,PRADAN,Shiv Mahila Samiti 
1038,PRADAN,Dulari MM
1039,PRADAN,Sarjom Ba MM
1040,PRADAN,Salukid MM
1041,PRADAN,Janani MM
1042,PRADAN,Saraswati MM
1043,PRADAN,Binapani
1044,PRADAN,Maa Kichakeswari
1045,PRADAN,Bhatingg Dulala Umul
1046,PRADAN,OM Shree Rabisankar
1047,PRADAN,Shanti M M
1048,PRADAN,Jiban Jyoti
1049,PRADAN,Jay Jagannath
1050,PRADAN,Sagun Supali 
1051,PRADAN,Maa Tarini 
1052,PRADAN,Maa Ambica
1053,PRADAN,Parwati MM
1054,PRADAN,Laxmi Maiya Mahila Samiti
1055,PRADAN,Kabeer Mahila Samiti 
1056,PRADAN,Laksmi M M
1057,PRADAN,Bugin Hora (Badedih)
1058,PRADAN,Kamal Ba Hora M M
1059,PRADAN,Gulab M M  ( A )
1060,PRADAN,Saraswati M M
1061,PRADAN,Beli M M
1062,PRADAN,Sura Sagen M M
1063,PRADAN,Gulab M M ( B )
1064,PRADAN,Laxmi Mahila Samiti 
1065,PRADAN,Sharda Mahila Samiti 
1066,PRADAN,Mahrani Mahila Samiti
1067,PRADAN,Ganga Mahila Samiti
1068,PRADAN,Sidhd Baba Mahila Samiti 
1069,PRADAN,Jaymata dee Mahila Samiti
1070,PRADAN,Shiv Mahila Samiti
1071,PRADAN,Nawdurga Mahila  Samiti
1072,PRADAN,Jai Chala
1073,PRADAN,Sarna Deshauli MM.
1074,PRADAN,Champa Mahila Mandal
1075,PRADAN,Jay Jharkhand M M
1076,PRADAN,Usha M M
1077,PRADAN,Siyon M M
1078,PRADAN,Upal Ba M M
1079,PRADAN,Santoshi Mahila Samiti
1080,PRADAN,Swabhimani M M
1081,PRADAN,Jyoti Mahila Samiti
1082,PRADAN,Durga Shree
1083,PRADAN,Bisnupatarani
1084,PRADAN,Jay jagannath 
1085,PRADAN,Nirmala Mahila Mandal
1086,PRADAN,Shanti Mahila Mandal
1087,PRADAN,Baitarani Maa Desauli
1088,PRADAN,Sura Sagen
1089,PRADAN,Jyoti M M
1090,PRADAN,Roshni M M
1091,PRADAN,Mukti Hora M M
1092,PRADAN,Jyoti M M
1093,PRADAN,Ujala M M
1094,PRADAN,Jidan Hora M M
1095,PRADAN,Bajrang Mahila Samiti 
1096,PRADAN,Sri Ganesh Mahila Samiti
1097,PRADAN,Khe Mai Mahila Samiti
1098,PRADAN,Duraga Mahila Samiti
1099,PRADAN,Shanti M M
1100,PRADAN,Jeevan Jyoti M M
1101,PRADAN,Jagriti M M
1102,PRADAN,Ma Durga Mahila Samiti
1103,PRADAN,Jai Ma Laxmi Mahaila Samiti 
1104,PRADAN,Ma Durga Mahila Samiti
1105,PRADAN,Ma Laxmi Mahila Samiti 
1106,PRADAN,Mahamaya Mahila Samiti
1107,PRADAN,Preet M M
1108,PRADAN,Moylen M M
1109,PRADAN,Budu Ba (B) M M 
1110,PRADAN,Gulab M M (Tirilpiei)
1111,PRADAN,Jagriti M M
1112,PRADAN,Gulab M M (Gangai Toli)
1113,PRADAN,Chameli M M
1114,PRADAN,Roshni M M
1115,PRADAN,Jeewan M M
1116,PRADAN,Jyoti M M
1117,PRADAN,Chameli M M
1118,PRADAN,Sarjom Ba Mahila Mandal
1119,PRADAN,Jyoti Mahila Mandal
1120,PRADAN,Seeta Mahila Samiti 
1121,PRADAN,Mahamaya Mahila Samiti 
1122,PRADAN,Jagarati Mahila Samiti 
1123,PRADAN,Kher Mai Mahila Samiti
1124,PRADAN,Durga Mahila Samiti 
1125,PRADAN,Gayatri Mahila Samiti
1126,PRADAN,Rani Awanti Bai Mahila Samiti 
1127,PRADAN,Maa Sudasadevi 
1128,PRADAN,Anupam 
1129,PRADAN,Shaktimayee 
1130,PRADAN,Bijayalaxmi 
1131,PRADAN,Maa Laxmi 
1132,PRADAN,Maa Kichakeswari 
1133,PRADAN,Maa Mahalaxmi 
1134,PRADAN,Maa Anleswari 
1135,PRADAN,Nidrabati 1
1136,PRADAN,Saraswati  Mahila Samiti 
1137,PRADAN,Radha Krishna Mahila Samiti
1138,PRADAN,Maa Kichakeswari-1
1139,PRADAN,Maa Sudasadevi -1
1140,PRADAN,Anupam -1
1141,PRADAN,Rameswari 
1142,PRADAN,Narmada Mahila Samiti 
1143,PRADAN,Jyoti Mahila Samiti
1144,PRADAN,Laxmi Mahila Samiti 
1145,PRADAN,Shanti Mahila Samiti 
1146,PRADAN,Narmada Mahila Samiti 
1147,PRADAN,Bagarag Mahila Samiti 
1148,PRADAN,Jayanti Mahila Samiti
1149,PRADAN,Kisan Manch 
1150,PRADAN,Sharda Mahila Samiti
1151,PRADAN,Parwati Mahial Samiti 
1152,PRADAN,Jai Ma Saraswati Mahila Samiti 
1153,PRADAN,Durga Mahila Samiti 
1154,PRADAN,Hariom Mahila Samiti 
1155,PRADAN,Anpurna Mahila Samiti 
1156,PRADAN,Ganga Mahila Samiti 
1157,PRADAN,Bikash M.M.
1158,PRADAN,Masih Siksha MM.
1159,PRADAN,Sarhul MM
1160,PRADAN,Sarswati Maa
1161,PRADAN,Banjari Ayang MM
1162,PRADAN,Laxmi MM
1163,PRADAN,Maa Gauri MM
1164,PRADAN,Shiv Shakti Mahila Samiti 
1165,PRADAN,Saraswati Mahila Samiti 
1166,PRADAN,Laxmi Mahila Samiti 
1167,PRADAN,Sharda Mahila Samiti 
1168,PRADAN,Maa Jagatjanani  
1169,PRADAN,Maa Laxmi  
1170,PRADAN,Sharda Mahila Samiti
1171,PRADAN,Khero Mai Mahila 
1172,PRADAN,Durga Mahila Samiti 
1173,PRADAN,Jamuna Mahila Samiti 
1174,PRADAN,Ma Narmada Maya Mahila Samiti 
1175,PRADAN,Maa Laxmi Mahila Samiti 
1176,PRADAN,Ma Shakti Mahila Samiti 
1177,PRADAN,Maa Santoshi Maiya Mahila Samiti 
1178,PRADAN,Maa Durga Mahila Samiti 
1179,PRADAN,Rani Durgawati Mahila Samiti
1180,PRADAN,Ma Laxmi Mahila Samiti 
1181,PRADAN,Ma Narmada Mahila Samiti 
1182,PRADAN,Gramasree Trishakti 
1183,PRADAN,Champakati 
1184,PRADAN,Baba Chandigiri 
1185,PRADAN,Maa Mahalaxmi 
1186,PRADAN,Birsamunda 
1187,PRADAN,Jaheraya 
1188,PRADAN,Shiv Mahila Samiti 
1189,PRADAN,Laxmi Mahila Samiti 
1190,PRADAN,Kasturaba 
1191,PRADAN,Maa Laxmi 
1192,PRADAN,Gangajamuna 
1193,PRADAN,Ma Jayanti Mahila Samiti 
1194,PRADAN,Adarsh Mahila Samiti 
1195,PRADAN,Kali Mahila Samiti 
1196,PRADAN,Jwala Mahila Samiti 
1197,PRADAN,Ma Durga Mahila Samiti 
1198,PRADAN,Ma Sakti Mahila Samiti 
1199,PRADAN,Kalpana Mihila Samiti 
1200,PRADAN,Chameli Mahila Mandal
1201,PRADAN,Hariyali Mahila Mandal
1202,PRADAN,Hira Mahila Mandal
1203,PRADAN,Shanti Mahila Mandal
1204,PRADAN,Uday Mahila Mandal
1205,PRADAN,Sant Vikash Mahila Mandal
1206,PRADAN,Saraswati Maiya Mahila Samiti 
1207,PRADAN,Chandni Mahila Mandal
1208,PRADAN,Kunkar Ikir Mahila Mandal
1209,PRADAN,Sant Mariam Mahila Mandal
1210,PRADAN,Jai Sarna Mahila Mandal
1211,PRADAN,Rajni Mahila Mandal
1212,PRADAN,Sura Sagen Mahila Mandal
1213,PRADAN,Gulab Ba Mahila Mandal
1214,PRADAN,Surya Mukhi Mahila Mandal
1215,PRADAN,Tara Mahila Mandal
1216,PRADAN,Upal Bah Mahila Mandal
1217,PRADAN,Jeevan Jyoti Mahila Mandal
1218,PRADAN,Marsal Mahila Mandal
1219,PRADAN,Sarjom Ba Mahila Mandal
1220,PRADAN,Jai Maa Paudi
1221,PRADAN,Maa bhawani
1222,PRADAN,Beldaru Mahila Mandal
1223,PRADAN,Sangen Sakam
1224,PRADAN,Baah Bagan
1225,PRADAN,Gulab Baah
1226,PRADAN,Bhumij Mahila Mandal
1227,PRADAN,Jai Chala Maa
1228,PRADAN,Jai Sarna
1229,PRADAN,Jai Dharme
1230,PRADAN,Seya Maskal
1231,PRADAN,Turo Singi
1232,PRADAN,Jeevan Bah Mahila Mandal
1233,PRADAN,Naya Jyoti Mahila Mandal
1234,PRADAN,Premlata Mahila Mandal
1235,PRADAN,Shantilata Mahila Mandal
1236,PRADAN,Roshni
1237,PRADAN,Bajrangbali
1238,PRADAN,Puja
1239,PRADAN,Prakash
1240,PRADAN,Maa Mansa
1241,PRADAN,Chota Bada
1242,PRADAN,Jagrukta MM
1243,PRADAN,Seya Maskal
1244,PRADAN,Saraswati Maa
1245,PRADAN,Deshauli
1246,PRADAN,Rasa Rasiga
1247,PRADAN,Jai Maa Durga
1248,PRADAN,Alwa
1249,PRADAN,Kamal Baa
1250,PRADAN,Soma Sagen
1251,PRADAN,Bale Sagen 'A'
1252,PRADAN,Deebri
1253,PRADAN,Bale Sagen
1254,PRADAN,Maskal
1255,PRADAN,Ete Turantud
1256,PRADAN,Dishum Rumil
1257,PRADAN,Dishum Marshal
1258,PRADAN,Nage Era
1259,PRADAN,Khushbu
1260,PRADAN,Komla Baa
1261,PRADAN,Maa Laxmi
1262,PRADAN,Roshni
1263,PRADAN,Seya Maskal
1264,PRADAN,Icha Ba Mahila Mandal
1265,PRADAN,Jultan Mahila Mandal
1266,PRADAN,Sarjom Ba Mahila Mandal
1267,PRADAN,Champa Mahto
1268,PRADAN,Radha Mahto
1269,PRADAN,Sarthi Mahto
1270,PRADAN,Jeevan Jyoti Mahila Mandal
1271,PRADAN,Maskal Mahila Mandal
1272,PRADAN,Bulbul Mahila Mandal
1273,PRADAN,Lily Bah Mahila Mandal
1274,PRADAN,Champa Ba Mahila Mandal
1275,PRADAN,Kamal Ba Mahila Mandal
1276,PRADAN,Shantilata Mahila Mandal
1277,PRADAN,Jagriti Mahila Mandal
1278,PRADAN,Jyoti Mahila Mandal
1279,PRADAN,Ujagar Mahila Mandal
1280,PRADAN,Chameli Mahila Mandal
1281,PRADAN,Gulab Mahila Mandal
1282,PRADAN,Katai Aara Mahila Mandal
1283,PRADAN,Munda Saba Sarjom Ba Mahila Mandal
1284,PRADAN,Suryamukhi Mahila Mandal
1285,PRADAN,Suryamukhi Mahila Mandal
1286,PRADAN,Soley Mahila Mandal
1287,PRADAN,Sarjom Ba Mahila Mandal
1288,PRADAN,Janjatya Mahila Mandal
1289,PRADAN,Santoshi Mahila Mandal
1290,PRADAN,Suraj Mahila Mandal
1291,PRADAN,Hissi Ba Mahila Mandal
1292,PRADAN,Chameli Mahila Mandal
1293,PRADAN,Gulab Mahila Mandal
1294,PRADAN,Jiden Marsal Misi Sangom
1295,PRADAN,Sarjom Ba Mahila Mandal
1296,PRADAN,Ransa Rasika
1297,PRADAN,Griha Laxmi Mahila Mandal
1298,PRADAN,Jiwan Jyoti Mahila Mandal
1299,PRADAN,Ora Maskal Mahila Mandal
1300,PRADAN,Saraswati Mahila Mandal
1301,PRADAN,Sarjom Ba Mahila Mandal
1302,PRADAN,Gulab Ba Mahila Mandal
1303,PRADAN,Gulab Mahila Mandal
1304,PRADAN,Suda Sagen Mahila Mandal
1305,PRADAN,Parwati Mahila Mandal
1306,PRADAN,Prity Mahila Mandal
1307,PRADAN,Singh Bonga
1308,PRADAN,Basanti Mahila Mandal
1309,PRADAN,Roshni Mahila Mandal
1310,PRADAN,Chandni Mahila Mandal
1311,PRADAN,Atal Baa
1312,PRADAN,Seya Sagen
1313,PRADAN,Bale Sagen 'A'
1314,PRADAN,Deebri
1315,PRADAN,Bale Sagen
1316,PRADAN,Suryamukhi Mahila Mandal
1317,PRADAN,Upal Ba Mahila Mandal
1318,PRADAN,Maskal
1319,PRADAN,Ete Turantud
1320,PRADAN,Dishum Rumul
1321,PRADAN,Jidan Maskal MM
1322,PRADAN,Saraswati MM
1323,PRADAN,Roshni
1324,PRADAN,Saraswati
1325,PRADAN,Sagen
1326,PRADAN,Prerna
1327,PRADAN,Ahla
1328,PRADAN,Bhawani
1329,PRADAN,Sarna
1330,PRADAN,Laxmi
1331,PRADAN,Maa Saraswati
1332,PRADAN,Hatu Maskal
1333,PRADAN,Maa Tarini
1334,PRADAN,Deshauli
1335,PRADAN,Jai Dharme
1336,PRADAN,Maa Mansa
1337,PRADAN,Hatu Maskal
1338,PRADAN,Vanvasi
1339,PRADAN,Jai Maa Durga MM
1340,PRADAN,Maa Saraswati
1341,PRADAN,Ujala
1342,PRADAN,Jai Maa Mansa
1343,PRADAN,Jagriti
1344,PRADAN,Radha Krishna MM
1345,PRADAN,Maa Tarini
1346,PRADAN,Durga Maa
1347,PRADAN,Chandni
1348,PRADAN,Kitabasa Mahila Mandal
1349,PRADAN,Jamuna Mahila mahila
1350,PRADAN,Gayatri MM
1351,PRADAN,Jharkhand
1352,PRADAN,Laxmi MM
1353,PRADAN,Maa Mansa MM
1354,PRADAN,Jai Maa Brahmani
1355,PRADAN,Shiv MM
1356,PRADAN,Bajrang MM
1357,PRADAN,Maa Kali MM
1358,PRADAN,Jai Maa Deshauli
1359,PRADAN,Samaj Sewa MM
1360,PRADAN,Sagem MM
1361,PRADAN,Bale Sagen MM
1362,PRADAN,Dishum Maskal
1363,PRADAN,Sarjam Baha
1364,PRADAN,Birsa MM
1365,PRADAN,Jai Maa Laxmi
1366,PRADAN,Jai Maa Kera
1367,PRADAN,Ekta MM
1368,PRADAN,Kya Cool
1369,PRADAN,Maa Mansa MM
1370,PRADAN,Saraswati Bahini
1371,PRADAN,Veena Pani MM
1372,PRADAN,Jai Maa Laxmi
1373,PRADAN,Ujala Mahila Mandal
1374,PRADAN,Seya Maskal
1375,PRADAN,Dishum Marsal
1376,PRADAN,Mad Sakam
1377,PRADAN,Jo Jo Baa
1378,PRADAN,Maali Baa
1379,PRADAN,Chantu Baa
1380,PRADAN,Chameli
1381,PRADAN,Jagriti
1382,PRADAN,Sadhna
1383,PRADAN,Gulab
1384,PRADAN,Chanduwa
1385,PRADAN,Shanti
1386,PRADAN,Chanduba
1387,PRADAN,Ete Turtug
1388,PRADAN,Gulab
1389,PRADAN,Jumur Sagen
1390,PRADAN,Joda Patta
1391,PRADAN,Shiv Shankar
1392,PRADAN,Bale Sagen
1393,PRADAN,Kali Maa MM
1394,PRADAN,Binapani
1395,PRADAN,Maa Mangala 
1396,PRADAN,Tara Maa MM
1397,PRADAN,Laxmi Maa MM
1398,PRADAN,Jultan Mahila Mandal
1399,PRADAN,Satyasangi Mahila Mandal
1400,PRADAN,Towa Ba Mahila Mandal
1401,PRADAN,Gulab Mahila Mandal
1402,PRADAN,Khushbu Mahila Mandal
1403,PRADAN,Upal Ba Mahila Mandal
1404,PRADAN,Susun Akhada MM
1405,PRADAN,Puja Mahila Mandal
1406,PRADAN,Jyoti M.M. Kutibera
1407,PRADAN,Deshauli Uruigutu
1408,PRADAN,Deshauli Mahaburu
1409,PRADAN,Harahuru 
1410,PRADAN,Bale Sagen
1411,PRADAN,Deshauli Jayra
1412,PRADAN,Chondor
1413,PRADAN,Molota Dadu Hora Urum
1414,PRADAN,Purnima
1415,PRADAN,Anasul Hora
1416,PRADAN,Jyoti Mahila Mandal Khas
1417,PRADAN,Meri Mamta Mahila Mandal
1418,PRADAN,Premi Mahila Mandal
1419,PRADAN,Sheetal Mahila Mandal
1420,PRADAN,Ujniya Mahila Mandal
1421,PRADAN,Injot Dahar Mahila Mandal
1422,PRADAN,Bahalen Mahila Mandal
1423,PRADAN,Jivan Jyoti Mahila Mandal
1424,PRADAN,Mahila Vikas Mahila Mandal
1425,PRADAN,Champa Mahila Mandal
1426,PRADAN,Biswasi Mahila Mandal
1427,PRADAN,Hiramani Mahila Mandal
1428,PRADAN,Chameli Mahila Mandal
1429,PRADAN,Kamal Ba Mahila Mandal
1430,PRADAN,Turtan Mahila Mandal
1431,PRADAN,Gulab Mahila Mandal
1432,PRADAN,Kamal Mahila Mandal
1433,PRADAN,Genda Ba Mahila Mandal
1434,PRADAN,Gulab Mahila Mandal
1435,PRADAN,Raatrani Mahila Mandal
1436,PRADAN,Kanaili Mahila Mandal
1437,PRADAN,Juhi Chameli Mahila Mandal
1438,PRADAN,Kamla Kamna
1439,PRADAN,Surajmukhi A Mahila Mandal
1440,PRADAN,Jagriti MM
1441,PRADAN,Sugadh Mahila Mandal
1442,PRADAN,Saheli Mahila Jagriti
1443,PRADAN,Dular Mahila Mandal
1444,PRADAN,Lily Mahila Mandal
1445,PRADAN,Jumur
1446,PRADAN,Seya Rakab
1447,PRADAN,Hara Sangom
1448,PRADAN,Prity Mahila Mandal (Bartoli)
1449,PRADAN,Laxmi
1450,PRADAN,Sagom
1451,PRADAN,Prity Mahila Mandal
1452,PRADAN,Suryamuni
1453,PRADAN,Roshni Mahila Mandal
1454,PRADAN,Seya Maskal
1455,PRADAN,Jyoti Mahila Mandal
1456,PRADAN,Surajmukhi Mahila Mandal
1457,PRADAN,Jiwan Jyoti Mahila Mandal
1458,PRADAN,Sarna Vikash Mahila Mandal
1459,PRADAN,Singh Bonga
1460,PRADAN,Suman Mahila Mandal
1461,PRADAN,Sangam
1462,PRADAN,Khushi (A) Mahila Mandal
1463,PRADAN,Khushi B Mahila Mandal
1464,PRADAN,Ratrani Mahila Mandal
1465,PRADAN,Ujala
1466,PRADAN,Surya Mahila Mandal
1467,PRADAN,Yamuna
1468,PRADAN,Sona Mahila Mandal
1469,PRADAN,Chandi Mahila Mandal
1470,PRADAN,Chameli Mahila Mandal
1471,PRADAN,Kadsom Baa MM
1472,PRADAN,Rakhi Mahila Mandal
1473,PRADAN,Maa Tarini
1474,PRADAN,Maa Saraswati
1475,PRADAN,Chameli M.M. 
1476,PRADAN,Golaichi Ba M.M. (Dorkajharia)
1477,PRADAN,Maa Parwati
1478,PRADAN,Shivani
1479,PRADAN,Rila Mala
1480,PRADAN,Sugandhit A Mahila Mandal
1481,PRADAN,Sugandhit B Mahila Mandal
1482,PRADAN,Marshal
1483,PRADAN,Maa Durga
1484,PRADAN,Gulab Mahila Mandal
1485,PRADAN,Maa Mansa
1486,PRADAN,Anima Mahila Mandal
1487,PRADAN,Chameli Mahila Mandal
1488,PRADAN,Rupa Mahila Mandal
1489,PRADAN,Aasulinale Singh Bonga
1490,PRADAN,Maa Laxmi
1491,PRADAN,Bale Ponai
1492,PRADAN,Seweng Daa
1493,PRADAN,Elang Dolang
1494,PRADAN,Vileiba
1495,PRADAN,Chameli Mahila Mandal
1496,PRADAN,Salini Mahila Mandal
1497,PRADAN,Judi Jupudi
1498,PRADAN,Maa Bhawani
1499,PRADAN,Burui Baba
1500,PRADAN,Maa Tarini
1501,PRADAN,Suhana
1502,PRADAN,Naya Sabera
1503,PRADAN,Maa Paudi
1504,PRADAN,Mata Laxmi
1505,PRADAN,Maa Durga
1506,PRADAN,Deshauli
1507,PRADAN,Ujiyala Mahila Mandal
1508,PRADAN,Deep Sagar
1509,PRADAN,Sacchi Saheli
1510,PRADAN,Jagriti
1511,PRADAN,Seya Marshal
1512,PRADAN,Naya Shiksha
1513,PRADAN,Chandni
1514,PRADAN,Vikas
1515,PRADAN,Vishwkarma
1516,PRADAN,Namahora
1517,PRADAN,Mata Parawati
1518,PRADAN,Prakash
1519,PRADAN,Maa Saraswati
1520,PRADAN,Maa Mansa
1521,PRADAN,Hariyali
1522,PRADAN,Hariwas
1523,PRADAN,Jojoba
1524,PRADAN,Sarjom Bah
1525,PRADAN,Vikas
1526,PRADAN,Jan Jatiy MM
1527,PRADAN,Judi Sangi
1528,PRADAN,Seya Maskal MM
1529,PRADAN,Sasang Madukam
1530,PRADAN,Jai Laxmi MM
1531,PRADAN,Prakash MM
1532,PRADAN,Maa Laxmi
1533,PRADAN,Jyoti Mahila Mandal
1534,PRADAN,Uliba Mahila Mandal
1535,PRADAN,Chantu Baa
1536,PRADAN,Sarjom Baa
1537,PRADAN,Marshal Hora MM
1538,PRADAN,Malin Baa
1539,PRADAN,Jojoba MM
1540,PRADAN,Saraswati M M
1541,PRADAN,Ango Epil
1542,PRADAN,Chandu Marshal
1543,PRADAN,Laduwken Kunusai
1544,PRADAN,Sude Sagen
1545,PRADAN,Sarjom Baa
1546,PRADAN,Sudita MM
1547,PRADAN,Parwati MM
1548,PRADAN,Maha Laxmi
1549,PRADAN,Deep Jyoti
1550,PRADAN,Jyoti Kiran
1551,PRADAN,Pragati
1552,PRADAN,Shanti
1553,PRADAN,Seteng Daa
1554,PRADAN,Raja Baa MM
1555,PRADAN,Rajdhani MM
1556,PRADAN,Epil Singi
1557,PRADAN,Golanchi Baa MM
1558,PRADAN,Uprum Jumur
1559,PRADAN,Jharna
1560,PRADAN,Laxmi
1561,PRADAN,Uprum
1562,PRADAN,Meri Saheli
1563,PRADAN,Suraj Ki Kiran
1564,PRADAN,Kamal Baa
1565,PRADAN,Gulab Marshal
1566,PRADAN,Mutu Sudan
1567,PRADAN,Burui Baa
1568,PRADAN,Suraj Sundar
1569,PRADAN,Uprum MM
1570,PRADAN,Roshni Mahila Mandal
1571,PRADAN,Chand Mahila Mandal
1572,PRADAN,Seyan Sudita
1573,PRADAN,Sagen Rakab Seya Umbul
1574,PRADAN,Hundi Jumur Depenga
1575,PRADAN,Laxmi Mahila Mandal
1576,PRADAN,Shanti Mahila Mandal
1577,PRADAN,Suraj Mahila Mandal
1578,PRADAN,Malti
1579,PRADAN,Milan
1580,PRADAN,Laxmi Mahila Mandal
1581,PRADAN,Shakti Mahila Mandal
1582,PRADAN,Chandu Baa Mahila Mandal
1583,PRADAN,Kamal Mahila Mandal
1584,PRADAN,Chandu Baa Mahila Mandal
1585,PRADAN,Maa Bhawani Mahila Mandal
1586,PRADAN,Radha Rani Mahila Mandal
1587,PRADAN,Dishum Marshal
1588,PRADAN,Hoyoe Mutid Leyon Jhukun
1589,PRADAN,Nama Hora
1590,PRADAN,Seyan Hora Laxmi
1591,PRADAN,Sibil Hora
1592,PRADAN,Gamay Rimil
1593,PRADAN,Grih Laxmi
1594,PRADAN,Ambikeshwari
1595,PRADAN,Anar Kali
1596,PRADAN,Shiv Aradhna Mahila Mandal
1597,PRADAN,Parmeshwar Mahila Mandal
1598,PRADAN,Jai Durga Maa
1599,PRADAN,Suryamukhi Mahila Mandal
1600,PRADAN,Gulab Mahila Mandal
1601,PRADAN,Parwati Mahila Mandal
1602,PRADAN,Prem Mahila Mandal
1603,PRADAN,Jai Ganesh Mahila Mandal
1604,PRADAN,Gyan Jyoti Mahila Mandal
1605,PRADAN,Jeevan Jyoti
1606,PRADAN,Chandu Marshal Mahila Mandal
1607,PRADAN,Julo Epil Mahila Mandal
1608,PRADAN,Hora AAyar Mahila Mandal
1609,PRADAN,Ganga Hora Mahila Mandal
1610,PRADAN,Gyan Marshal Mahila Mandal
1611,PRADAN,Ekta Jumur Mahila Mandal
1612,PRADAN,Balen Mahila Manbal
1613,PRADAN,Sarna
1614,PRADAN,Renge Khang
1615,PRADAN,Aaseema
1616,PRADAN,Epil Singi
1617,PRADAN,Shree Bandam Baba
1618,PRADAN,Dishum Maskal
1619,PRADAN,Marang Buru
1620,PRADAN,Maa Saraswati
1621,PRADAN,Deshauli
1622,PRADAN,Epil Singi
1623,PRADAN,Sude Sagen
1624,PRADAN,Sar Sagun Sarna Supadi
1625,PRADAN,Seya Maskal
1626,PRADAN,Sarna Dharam
1627,PRADAN,Kiya Jharna
1628,PRADAN,Gulab Phool
1629,PRADAN,Durga Mahila Mandal
1630,PRADAN,Roompulay
1631,PRADAN,Achur Mahila Mandal
1632,PRADAN,Kherwad Jumid
1633,PRADAN,Shanti Mahila Mandal
1634,PRADAN,Lelmasal
1635,PRADAN,Aadiwasi Mahila Mandal
1636,PRADAN,Kunami Chando 
1637,PRADAN,Sagen Sibil
1638,PRADAN,Tulsi Mahila Mandal
1639,PRADAN,Maa Mansa
1640,PRADAN,Sapna Mahila Mandal
1641,PRADAN,Sushma Mahila Mandal
1642,PRADAN,Sangh Mahila Mandal
1643,PRADAN,Sadna Mahila Mandal
1644,PRADAN,Swayen Sahayta Samuh
1645,PRADAN,Jai Maa Laxmi
1646,PRADAN,Kiya Jhasa
1647,PRADAN,Marshal Dahar
1648,PRADAN,Singi Turtung
1649,PRADAN,Maa Santoshi
1650,PRADAN,Seya Maskal
1651,PRADAN,Maa Saraswati
1652,PRADAN,Sarna Mahila Mandal
1653,PRADAN,Maa Durga
1654,PRADAN,Jiden
1655,PRADAN,Dishum Sange
1656,PRADAN,Sahara Mahila Mandal
1657,PRADAN,Heera Mahila Mandal
1658,PRADAN,Jagriti
1659,PRADAN,Jayra
1660,PRADAN,Sarjom Baa
1661,PRADAN,Sanarti Sagom
1662,PRADAN,Siringsiya Ghati
1663,PRADAN,Maa Laxmi
1664,PRADAN,Maa Saraswati
1665,PRADAN,Khushbu Mahila Mandal
1666,PRADAN,Sabera
1667,PRADAN,Umbul Mahila Mandal
1668,PRADAN,Jo Jo Umbul
1669,PRADAN,Prem Jharkhand M.M.
1670,PRADAN,Anand Jiwan M.M. (Chatakpur)
1671,PRADAN,Kishan Mahila Mandal
1672,PRADAN,Maa Tarini
1673,PRADAN,Rashmi Devi
1674,PRADAN,Elang Dolang
1675,PRADAN,Sude Sagen
1676,PRADAN,Jai Maa Kera
1677,PRADAN,Suraj Mukhi
1678,PRADAN,Jyoti Mahila Mandal
1679,PRADAN,Tara Mahila Mandal
1680,PRADAN,Pragati
1681,PRADAN,Epil Baa
1682,PRADAN,Singi Baa
1683,PRADAN,Chandu Baa
1684,PRADAN,Pampal
1685,PRADAN,Jyoti Mahila Mandal
1686,PRADAN,Jai Maa Tarini
1687,PRADAN,Jai Maa Laxmi
1688,PRADAN,Gulanchi Bah
1689,PRADAN,Dulmi
1690,PRADAN,Dishum Uproom
1691,PRADAN,Seya Marshal
1692,PRADAN,Tarini MM
1693,PRADAN,Nutan Mahila Mandal
1694,PRADAN,Jyoti Mahila Mandal
1695,PRADAN,Golaichi Bah Mahila Mandal
1696,PRADAN,Griha Laxmi M M
1697,PRADAN,Nim Suwa
1698,PRADAN,Maa Deori Mahila Mandal
1699,PRADAN,Champa Mahila Mandal
1700,PRADAN,Saraswati Mahila Mandal
1701,PRADAN,Durga Mahila Mandal
1702,PRADAN,Nayi Disha
1703,PRADAN,Kamal Fool
1704,PRADAN,Shiv Shankar
1705,PRADAN,Sude Sagen
1706,PRADAN,Singaar
1707,PRADAN,Nirmal
1708,PRADAN,Gulanchi
1709,PRADAN,Nirmala M.M.
1710,PRADAN,Jyoti Mahila Mandal
1711,PRADAN,Padeya Buru
1712,PRADAN,Jivan Jyoti Mahila Mandal
1713,PRADAN,Shanti Mahila Mandal
1714,PRADAN,Chameli Mahila Mandal
1715,PRADAN,Saroj Mahila Mandal
1716,PRADAN,Jagriti Mahila Mandal
1717,PRADAN,Jharna
1718,PRADAN,Roshni M.M.
1719,PRADAN,Shanti M.M.
1720,PRADAN,Jai Maa Parwati
1721,PRADAN,Shiv Shakti
1722,PRADAN,Genda Ful
1723,PRADAN,Laxmi Mahila Mandal
1724,PRADAN,Sarjom Baa
1725,PRADAN,Birsa Mahila Mandal
1726,PRADAN,Sarna Mahila Mandal
1727,PRADAN,Saraswati MM
1728,PRADAN,Sarna Mahila Mandal
1729,PRADAN,Genda Ful Mahila Mandal
1730,PRADAN,Adivasi Mahila Mandal
1731,PRADAN,Gharam Dwar
1732,PRADAN,Maskal Mahila Mandal
1733,PRADAN,Bale Sangen
1734,PRADAN,Hatu Maskal
1735,PRADAN,Ekta Mahila Mandal
1736,PRADAN,Kasturba Mahila Mandal
1737,PRADAN,Laxmi Mahila Mandal
1738,PRADAN,Sanyukt Mahila Mandal
1739,PRADAN,Lily Mahila Mandal
1740,PRADAN,Chandni Mahila Mandal
1741,PRADAN,Gulab M M
1742,PRADAN,Usha Mahila Mandal
1743,PRADAN,Pyari Mahila Mandal
1744,PRADAN,Tara Mahila Mandal
1745,PRADAN,Jyoti M.M. (Lowatoli)
1746,PRADAN,Gulab
1747,PRADAN,Tulsi
1748,PRADAN,Seya Maskal
1749,PRADAN,Seya Marshal
1750,PRADAN,Sarjom Baa
1751,PRADAN,Ujala Mahila Mandal
1752,PRADAN,Jai Maa Santoshi
1753,PRADAN,Maa Saraswati MM
1754,PRADAN,Maa Santoshi MM
1755,PRADAN,Vikas MM
1756,PRADAN,Jeevan Suraksha
1757,PRADAN,Rilemala MM
1758,PRADAN,Bale Mulu
1759,PRADAN,Champa Bah
1760,PRADAN,Marang Buru
1761,PRADAN,Sarjom Bah
1762,PRADAN,Sanron Sakam
1763,PRADAN,Rela Jo
1764,PRADAN,Sugaad MM
1765,PRADAN,Sarna MM
1766,PRADAN,Jyoti MM
1767,PRADAN,Nari Shakti
1768,PRADAN,Maa Laxmi
1769,PRADAN,Maa Santoshi
1770,PRADAN,Bhartiya
1771,PRADAN,Sarna
1772,PRADAN,Sarna Marshal Vikas
1773,PRADAN,Pragati MM
1774,PRADAN,Kanailiful Mahila Mandal
1775,PRADAN,B Sarna
1776,PRADAN,Gulab Mahila Mandal
1777,PRADAN,Laxmi Mahila Mandal
1778,PRADAN,Maa Mansa MM
1779,PRADAN,Jai Bajrang Bali
1780,PRADAN,Radha Krishna MM
1781,PRADAN,Veena Pani
1782,PRADAN,Aadibasi Mahila Mandal
1783,PRADAN,Krishna MM
1784,PRADAN,Maa Tarini
1785,PRADAN,Mohini MM
1786,PRADAN,Om Namah Shivay
1787,PRADAN,Maa Kera
1788,PRADAN,Saraswati MM
1789,PRADAN,Laxmi Maa MM
1790,PRADAN,Kandeyang MM
1791,PRADAN,Surbans Mahila Mandal
1792,PRADAN,Laxmi MM
1793,PRADAN,Kamal Ba Mahila Mandal
1794,PRADAN,Gayatri MM
1795,PRADAN,Sarna MM
1796,PRADAN,Laxmi
1797,PRADAN,Saraswati (Mogatola)
1798,PRADAN,Pawan Veer MM
1799,PRADAN,Om Swastik
1800,PRADAN,Amar Jyoti
1801,PRADAN,Aadivasi Sarna
1802,PRADAN,Varsha
1803,PRADAN,Roshni MM
1804,PRADAN,Bajrangbali
1805,PRADAN,Mali Baa
1806,PRADAN,Kamal Baa
1807,PRADAN,Gulab Marshal
1808,PRADAN,Seya Maskal
1809,PRADAN,Seya Hora
1810,PRADAN,Seya Sagen
1811,PRADAN,Dishum Sewa
1812,PRADAN,Asha Ki Kiran
1813,PRADAN,Vikas Hora
1814,PRADAN,Unnati Hora
1815,PRADAN,Asora Marshal
1816,PRADAN,Singi Turtund
1817,PRADAN,Rilamala Seya Marsal
1818,PRADAN,Sarjom Baa
1819,PRADAN,Seya Paiti
1820,PRADAN,Atal Ba M.M.
1821,PRADAN,Mahila Jagriti M.M.
1822,PRADAN,Jiwan Ba M.M.
1823,PRADAN,Chameli M.M.
1824,PRADAN,Mahila Vikas M.M.
1825,PRADAN,Bale Sagen
1826,PRADAN,Asha 
1827,PRADAN,Seya Turtung Jumblay
1828,PRADAN,Chandramukhi
1829,PRADAN,Kamal
1830,PRADAN,Hora Samad
1831,PRADAN,Atal Baa
1832,PRADAN,Saron MM
1833,PRADAN,Sarjom Baha
1834,PRADAN,Padeya Buru MM
1835,PRADAN,Tasar Sut katai
1836,PRADAN,Maa Durga MM
1837,PRADAN,Shiv Shakti
1838,PRADAN,Shri Shri Vidburu MM
1839,PRADAN,Jharkhand
1840,PRADAN,Jai Maa Santoshi
1841,PRADAN,Sarna Mahila Mandal
1842,PRADAN,Aadibasi MM
1843,PRADAN,Jai Maa Tarini
1844,PRADAN,Mahaveer MM
1845,PRADAN,Shivratri MM
1846,PRADAN,Jai Maa Saraswati
1847,PRADAN,Saraswati B M.M.
1848,PRADAN,Marangjhari MM
1849,PRADAN,Mahila Vikas
1850,PRADAN,Duphru MM
1851,PRADAN,Devi Mahila Mandal
1852,PRADAN,Gulab Mahila Mandal
1853,PRADAN,Ji Suku
1854,PRADAN,Saraswati MM
1855,PRADAN,Jai Maa Laxmi MM
1856,PRADAN,Kudaburi MM
1857,PRADAN,Ratbai Buru Bonga
1858,PRADAN,Gulab MM
1859,PRADAN,Bajrang.
1860,PRADAN,Ringa Maskal
1861,PRADAN,Mali Barha MM
1862,PRADAN,Gulanchi Mahila Mandal
1863,PRADAN,Jai Maa Mansa
1864,PRADAN,Seya Marshal
1865,PRADAN,Bajrangbali
1866,PRADAN,Maa Laxmi(Laxindih)
1867,PRADAN,Maa Mansa Laxindih
1868,PRADAN,Priya MM
1869,PRADAN,Laxmi Mahila Mandal
1870,PRADAN,Maa Laxmi(Rairidi)
1871,PRADAN,Rimjhim MM
1872,PRADAN,Sarjom Ba M.M. (Purnadih)
1873,PRADAN,Maa Basukidevi
1874,PRADAN,Kiching Maa
1875,PRADAN,Biswa Maa Mahalaxmi
1876,PRADAN,Jay maa Tarini
1877,PRADAN,Kadam Baa Subere
1878,PRADAN,Biswa Maa Budhipat
1879,PRADAN,Maa Tarini
1880,PRADAN,Maa Sarala
1881,PRADAN,Biswa Maa Chanchala
1882,PRADAN,Baba Bisewar
1883,PRADAN,Baba Biswakarma
1884,PRADAN,Ganga Yamuna
1885,PRADAN,Shree Shree Kanda Buru
1886,PRADAN,Mdukam Baa
1887,PRADAN,Atal Ba Mahila Mandal
1888,PRADAN,Mahila Vikash Mahila Samiti
1889,PRADAN,Judi sangi
1890,PRADAN,Champa Chameli
1891,PRADAN,Sarjom Baa
1892,PRADAN,Soy MM
1893,PRADAN,Sarjom Bah
1894,PRADAN,Tasar Sut Katai
1895,PRADAN,Maa Durhi Sayang Sahayta Samuh
1896,PRADAN,Om Shanti
1897,PRADAN,Vikas MM
1898,PRADAN,Kulachaki
1899,PRADAN,Srividhi MM
1900,PRADAN,Laxmi Mand
1901,PRADAN,Ete Turantug
1902,PRADAN,Elang Dolang Safrum
1903,PRADAN,Hode Joye JoJoba
1904,PRADAN,Maa Thakurani
1905,PRADAN,Vishnu Priya MM
1906,PRADAN,Maa Mangla
1907,PRADAN,Jargi Japut Vitti
1908,PRADAN,Saloni Shaktiman
1909,PRADAN,Maa Kichakeswari
1910,PRADAN,Samajseba
1911,PRADAN,Dalamaa buru
1912,PRADAN,Maa Laxmi 
1913,PRADAN,Jai Maa Tarini
1914,PRADAN,Maa Mangala
1915,PRADAN,Maa Kichakeswari
1916,PRADAN,Maa Basuli
1917,PRADAN,Kamal Baha
1918,PRADAN,Maa Santoshi
1919,PRADAN,Maa Badamani
1920,PRADAN,Juhar jaher ayo
1921,PRADAN,Maa Jagatjanani
1922,PRADAN,Sitapati
1923,PRADAN,Rajkumari
1924,PRADAN,Maa Saraswati
1925,PRADAN,Kanyakumari
1926,PRADAN,Radhikarani
1927,PRADAN,Kunchei Nari- 
1928,PRADAN,Kas Tusumani
1929,PRADAN,Maa Tarini 
1930,PRADAN,Badamkunda
1931,PRADAN,Marangburu
1932,PRADAN,Maa Tarini
1933,PRADAN,Rajalaxmi-
1934,PRADAN,Jay maa Tarini
1935,PRADAN,Maa Singa bahini
1936,PRADAN,Baunabir
1937,PRADAN,Jay maa bana durga 
1938,PRADAN,Maa kali
1939,PRADAN,Grama Shree Gojabayani- 
1940,PRADAN,Maa Tulashi
1941,PRADAN,Maa Jayanti
1942,PRADAN,Suda Sangen
1943,PRADAN,Jo Jo Ba
1944,PRADAN,Seya Sangom
1945,PRADAN,Tarini Maa
1946,PRADAN,Durga Maa
1947,PRADAN,Kamal Baa
1948,PRADAN,Jo Jo Baa
1949,PRADAN,Tara Swayen Shiksha Samuh
1950,PRADAN,Swayem Siddha Samuh Gulab Fool
1951,PRADAN,Jyoti Swayen Siksha Samuh B
1952,PRADAN,Jyoti Swayen Shiksha Samuh A
1953,PRADAN,Mali Baa
1954,PRADAN,Sarjom Baa
1955,PRADAN,Kisan Raj
1956,PRADAN,Durga Maa
1957,PRADAN,Sarna MM
1958,PRADAN,Aadivasi Ho MM
1959,PRADAN,Maa Tarini
1960,PRADAN,Maa Durga
1961,PRADAN,Maa Laxmi 1
1962,PRADAN,Rita Panjha
1963,PRADAN,Maa Sabitri
1964,PRADAN,Narsinghpat
1965,PRADAN, Maa Subhadra
1966,PRADAN,Biswa Shibashakti
1967,PRADAN,Maa Bishauli
1968,PRADAN,Maa Tarini
1969,PRADAN,Maa Laxmi
1970,PRADAN,Maa Ambika
1971,PRADAN,Maa Samaleswari
1972,PRADAN,Sankhula Mahapat
1973,PRADAN,Maa Santoshi
1974,PRADAN,Bahajanum
1975,PRADAN,Maa Jagatajanani
1976,PRADAN,Kumuduni
1977,PRADAN,Maa Basuli
1978,PRADAN,Tejaswini Radhika mahila samiti
1979,PRADAN,Tejaswini Pooja mahila samiti
1980,PRADAN,TejaswiniSaraswati mahila samiti
1981,PRADAN,Tejaswini Laxmi mahila samiti
1982,PRADAN,Om Maa Mangala 
1983,PRADAN,Bijay laxmi
1984,PRADAN,Maa Budhipat
1985,PRADAN,Khudurkuni
1986,PRADAN,Topai (A)
1987,PRADAN,Maa Durunadai
1988,PRADAN,Jyoti MM
1989,PRADAN,Ruchi MM
1990,PRADAN,Maa Mansa
1991,PRADAN,Jeevan Shanti Mahila Sahayta Samuh
1992,PRADAN,Chando Marshal
1993,PRADAN,Deshauli MM
1994,PRADAN,Krishna MM
1995,PRADAN,Kanchansri
1996,PRADAN,Maa Mangala
1997,PRADAN,Serenburu
1998,PRADAN,Maini Mahila Mandal
1999,PRADAN,Shanti Mahila Mandal
2000,PRADAN,Kiran Mahila Mandal
2001,PRADAN,Premi Mahila Mandal
2002,PRADAN,Chameli Mahila Mandal
2003,PRADAN,Prakash Mahila Mandal
2004,PRADAN,Jay sri ram
2005,PRADAN,Jay Bajarang
2006,PRADAN,Janam enga maa Bishauli
2007,PRADAN,Maa Saraswati
2008,PRADAN,Topai (B)
2009,PRADAN,Maa Khalayari
2010,PRADAN,Maa Dharitri
2011,PRADAN,Bikash M M
2012,PRADAN,Jyoti M M
2013,PRADAN,Prakash M M
2014,PRADAN,Balen Sagen
2015,PRADAN,Singi Marshal
2016,PRADAN,Saraswati
2017,PRADAN,Hinguleswari
2018,PRADAN,Mali Baa
2019,PRADAN,Kamal Baa
2020,PRADAN,Maa Subhadra
2021,PRADAN,Maa Subhadra _Diajodi
2022,PRADAN,Narmada Mahila Samiti
2023,PRADAN,Durgamaiya Mahila Samiti
2024,PRADAN,Maa Narmada Mahila Samiti
2025,PRADAN,Laxmi Mahila Samiti
2026,PRADAN,Rewamaiya Mahila Samiti
2027,PRADAN,Ganga Maiya Mahila Samiti
2028,PRADAN,Nandani Mahila Samiti
2029,PRADAN,Radhika Mahila Samiti
2030,PRADAN,Bauga Mahila Samita
2031,PRADAN,Sharda Mahila Samiti
2032,PRADAN,Aarti Mahila Samiti
2033,PRADAN,Tikaram Mahila Samiti
2034,PRADAN,Mousam Mahila Samiti
2035,PRADAN,Ram Samuh Mahila Samiti
2036,PRADAN,Tikaram
2037,PRADAN,Maa Anleswari 1
2038,PRADAN,Gayatri Tejaswini Mahila Samiti
2039,PRADAN,Gayatri Tejaswini Mahila Samiti.
2040,PRADAN,Narmada Tejaswini Mahila Samiti
2041,PRADAN,Savitri Tejaswini Mahila Samiti
2042,PRADAN,Maa Ambe Tejaswini Mahila Samiti
2043,PRADAN,Pooja Tejaswini Mahila Samiti
2044,PRADAN,Khermai Tejaswini Mahila Samiti
2045,PRADAN,Sarswati Tejaswini Mahila Samiti
2046,PRADAN,Mahamaya
2047,PRADAN,Mahmai Tejaswini Mahila Samiti
2048,PRADAN,Laxmi Tejaswini Mahila Samiti
2049,PRADAN,Seya Marshal
2050,PRADAN,Roshni MM
2051,PRADAN,Sibaparbati
2052,PRADAN,Asha MM
2053,PRADAN,Jai Maa Laxmi
2054,PRADAN,Singi Turang
2055,PRADAN,Dishum Bhalai
2056,PRADAN,Maa Durga
2057,PRADAN,Maa Durga
2058,PRADAN,Kamal Baa MM
2059,PRADAN,Subhashree
2060,PRADAN,Maa Gajalaxmi
2061,PRADAN,Bale Sagen
2062,PRADAN,Biswa maa Jagatjanai
2063,PRADAN,Maseeh Mandli
2064,PRADAN,Maa Laxmi
2065,PRADAN,Mata M M
2066,PRADAN,Sarna Mata M M
2067,PRADAN,Gudlu Ba M M
2068,PRADAN,Atal M M
2069,PRADAN,Didi Samridhi M M
2070,PRADAN,Gudlu Ba M M
2071,PRADAN,Sarjom Ba M M
2072,PRADAN,Aashray M M
2073,PRADAN,Maa Santosi Tijaswini Samiti
2074,PRADAN,Radhika Tejaswini Samiti
2075,PRADAN,Pooja Tejaswini Samiti
2076,PRADAN,Ujala Tejaswini Samiti
2077,PRADAN,Shivparti Tejaswini Samiti
2078,PRADAN,saraswati Tejaswini Samiti
2079,PRADAN,Vidhya Sagar Tejaswini Samiti
2080,PRADAN,Maa Laxmi
2081,PRADAN,jai laxmi tejaswini samiti
2082,PRADAN,sheetal tejaswini samiti
2083,PRADAN,amarwati tejaswini samiti
2084,PRADAN,umalaxmi teajaswini samiti
2085,PRADAN,parwati tejaswini samiti
2086,PRADAN,vidhyasagar tej samiti
2087,PRADAN,Maa Mangala
2088,PRADAN,Siba Shakti
2089,PRADAN,Narishakti
2090,PRADAN,Biswa sayan shakti
2091,PRADAN,Matrushakti
2092,PRADAN,Adarsh M M
2093,PRADAN,Shanti Pradan
2094,PRADAN,Gulaichi Baha M M ( Chatakpur )
2095,PRADAN,Jyoti M M
2096,PRADAN,Kamal Fool M M ( Jogitoli )
2097,PRADAN,Jeewan Jyoti M M ( Sargela )
2098,PRADAN,Gulab M M  ( Sargela )
2099,PRADAN,Jagat Jyoti M M  ( Sargela )
2100,PRADAN,Droupodi
2101,PRADAN,Sarjom Ba M M
2102,PRADAN,Champa Ba M M
2103,PRADAN,Mahila Bikas M M
2104,PRADAN,Sarjom Ba M M
2105,PRADAN,Laxmi Devi
2106,PRADAN,Maa Mansa
2107,PRADAN,Maa Tangrani
2108,PRADAN,Rila Mala
2109,PRADAN,Green Park M M
2110,PRADAN,Turo Chandu
2111,PRADAN,Jamunadei
2112,PRADAN,Maa Binapani
2113,PRADAN,Dishum Marshal
2114,PRADAN,Saraswati Maa
2115,PRADAN,Dishum Maskal M M
2116,PRADAN,Disha Jharkhand Dishum Guru
2117,PRADAN,Sarna M M
2118,PRADAN,Singh Bonga M M
2119,PRADAN,Disha Saraswati Maa M M
2120,PRADAN,Jati Marshal
2121,PRADAN,Singi Bah
2122,PRADAN,Mahila Gramin Vikas
2123,PRADAN,Gulab Swayen Sahayata Samuh
2124,PRADAN,Jagriti Mahila Mandal
2125,PRADAN,Suryamukhi M M
2126,PRADAN,Aadiwasi Mahila Samiti
2127,PRADAN,Muru Baa Mahila Samiti
2128,PRADAN,Gramin Mahila Vikas
2129,PRADAN,Sainath
2130,PRADAN,Durgashree
2131,PRADAN,Jayshree
2132,PRADAN,Radhagobinda
2133,PRADAN,Maa Sarala
2134,PRADAN,Maa Basuli
2135,PRADAN,Puja
2136,PRADAN,Maa Bisawali
2137,PRADAN,Jhansirani
2138,PRADAN,Marangburu
2139,PRADAN,Purnami Chanda
2140,PRADAN,Sunaram
2141,PRADAN,Murmu Thakur
2142,PRADAN,Sabarmati
2143,PRADAN,Pragati Mahila Mandal
2144,PRADAN,Nirali Mahila Mandal
2145,PRADAN,Nawa Maskal Mahila Mandal
2146,PRADAN,Shanti Mahila Mandal (Sunrui)
2147,PRADAN,Shanti M.M. (Habo Bartoli)
2148,PRADAN,Jyoti M.M. (Setadiri)
2149,PRADAN,Madhukam Bah Mahila Mandal
2150,PRADAN,Jagriti M.M. (Habo)
2151,PRADAN,Sang Jeevan M.M.
2152,PRADAN,Jay Maa Mangala
2153,PRADAN,Jay Maa Dulkirani
2154,PRADAN,Similipal Marangburu
2155,PRADAN,Meghasuni
2156,PRADAN,Baha Jharana
2157,PRADAN,Bahabagan
2158,PRADAN,Jaher Aya
2159,PRADAN,Jiban Jyoti
2160,PRADAN,Sunder
2161,PRADAN,Marshal Hora
2162,PRADAN,Sugandh
2163,PRADAN,Saraswati
2164,PRADAN,Maa Santoshi
2165,PRADAN,Maa Tarini
2166,PRADAN,Jai Maa Paudi
2167,PRADAN,Saraswati M M
2168,PRADAN,Laxmi M M
2169,PRADAN,Kalyani M M
2170,PRADAN,Jai Maa Tarini
2171,PRADAN,Jai Maa Laxmi
2172,PRADAN,Jo Jo Baa
2173,PRADAN,Turten Singi
2174,PRADAN,Gayatri Mahila Mandal
2175,PRADAN,Jaher Aayo M M
2176,PRADAN,Durga Maa
2177,PRADAN,Anasul Hora
2178,PRADAN,Bharti
2179,PRADAN,Gulab Baa
2180,PRADAN,Sarita
2181,PRADAN,Tile Marshal
2182,PRADAN,Sarjom Baa
2183,PRADAN,Setengda Mahila Samiti
2184,PRADAN,Niral Vikas
2185,PRADAN,Hatu Maskal
2186,PRADAN,Sarjom Baa
2187,PRADAN,Kanda Buru
2188,PRADAN,Bale Sagen
2189,PRADAN,Jyotirmay Mahila Mandal
2190,PRADAN,Marg Darshan Swayen Sahayta
2191,PRADAN,Aadivasi Mahila Vikas Samiti
2192,PRADAN,Singi Tutan
2193,PRADAN,Jeevan Sundi
2194,PRADAN,Sarjom Baa
2195,PRADAN,Seya Marshal
2196,PRADAN,Malgum Baa
2197,PRADAN,Marshal Sangen
2198,PRADAN,Ete Turtung
2199,PRADAN,Bale Sagen
2200,PRADAN,Marshal Marang
2201,PRADAN,Seyan Marshal
2202,PRADAN,Mamta Mahila Mandal
2203,PRADAN,Chanaba
2204,PRADAN,Ango Epil Marshal Hora
2205,PRADAN,Suryamukhi
2206,PRADAN,Sarna Mahila Mandal
2207,PRADAN,Jeevan Vikas
2208,PRADAN,Jay Mata Mahila Samiti
2209,PRADAN,Jay Maa Parwati
2210,PRADAN,Jay Maa Laxmi
2211,PRADAN,Roshni Swayen Sahayta Samuh
2212,PRADAN,Maa Paudi
2213,PRADAN,Mayur Mahila Sarna Samiti
2214,PRADAN,Satyanarayan Mahila Mandal
2215,PRADAN,Bah Sarna Mahila Samiti
2216,PRADAN,Naya Jeevan
2217,PRADAN,Deshauli Mahila Mandal
2218,PRADAN,Chameli Mahila Samiti
2219,PRADAN,Asha Kiran
2220,PRADAN,Pari Mahila Mandal
2221,PRADAN,Atal Bah
2222,PRADAN,Marshal Mahila Samiti
2223,PRADAN,Sarna Mahila Samiti
2224,PRADAN,Suraj Mahila Mandal
2225,PRADAN,Sanyog Mahila Mandal
2226,PRADAN,Jyoti Mahila Mandal
2227,PRADAN,Bale Sangen Swayen Sahayta Samuh
2228,PRADAN,Kamal Bah
2229,PRADAN,Bale Sagen
2230,PRADAN,Seyan Maskal
2231,PRADAN,Maskal Mahila Mandal
2232,PRADAN,Nayi Roshni
2233,PRADAN,Ujala MM
2234,PRADAN,Mobile phone project group
2235,PRADAN,Gulabi MM
2236,PRADAN,Botla Khas
2237,PRADAN,Chameli MM
2238,PRADAN,Khusbu cluster 
2239,PRADAN,Khushbu Cluster 
2240,PRADAN,Jiban MM
2241,PRADAN,Marsal MM
2242,PRADAN,Sarjomba   MM
2243,PRADAN,Tutan MM
2244,PRADAN,Jultan MM 
2245,PRADAN,Sarjomba MM
2246,PRADAN,Sarajomba MM
2247,PRADAN,Roshan MM
2248,PRADAN,Khusbu MM
2249,PRADAN,Gulab MM
2250,PRADAN,Shital MM
2251,PRADAN,Ujala MM
2252,PRADAN,Gulaba ba MM
2253,PRADAN,Turtan MM
2254,PRADAN,Upal Ba
2255,PRADAN,Angtan Jagriti M.M.
2256,PRADAN,Gulab MM
2257,PRADAN,Sura sagen MM
2258,PRADAN,Sarjom Ba MM
2259,PRADAN,Golanchi Ba M.M
2260,PRADAN,Jagat Jyoti MM
2261,PRADAN,Chandini MM
2262,PRADAN,Gulab MM
2263,PRADAN,Tara MM
2264,PRADAN,Jivan MM
2265,PRADAN,Jyoti MM
2266,PRADAN,Jidan MM
2267,PRADAN,Gulab ba MM
2268,PRADAN,Kamal Ba MM
2269,PRADAN,Upal Baha MM
2270,PRADAN,Jagrti MM
2271,PRADAN,Adarsha MM 
2272,PRADAN,Tarnga MM
2273,PRADAN,Jagrti A MM
2274,PRADAN,Lily MM
2275,PRADAN,Surajdal M.M
2276,PRADAN,Jiden Horo MM
2277,PRADAN,Ujala MM
2278,PRADAN,Asha MM
2279,PRADAN,Gulab MM
2280,PRADAN,Suryamukhi MM
2281,PRADAN,Genda Ba MM
2282,PRADAN,Mani Ba MM
2283,PRADAN,Kamal MM
2284,PRADAN,Indira MM
2285,PRADAN,Punam MM
2286,PRADAN,Jag jyoti MM
2287,PRADAN,Chandi B MM
2288,PRADAN,Sarajomba MM
2289,PRADAN,Swabhimani M M-
2290,PRADAN,Swashakti M.M
2291,PRADAN,JIden Hora MM
2292,PRADAN,Sonam MM
2293,PRADAN,Bela MM
2294,PRADAN,Shanti MM
2295,PRADAN,Sarjom Baha MM
2296,PRADAN,Satyasangi M.M.-
2297,PRADAN,Wast Anchal M.M.-
2298,PRADAN,Upla Baha MM
2299,PRADAN,Marshala
2300,PRADAN,Bale sagen MM
2301,PRADAN,Veer Birsa Munda MM
2302,PRADAN,Chameli Phul MM
2303,PRADAN,Shati MM
2304,PRADAN,Champa MM
2305,PRADAN,Gulab MM
2306,PRADAN,Alomani Muskan Samiti
2307,PRADAN,Chandra Devi MM
2308,PRADAN,Laba ghag MM
2309,PRADAN,Gulab MM
2310,PRADAN,Gulab MM
2311,PRADAN,Suda sangen
2312,PRADAN,Shanti MM
2313,PRADAN,Kamal Phool MM
2314,PRADAN,Kamla MM
2315,PRADAN,Jidan Hora MM
2316,PRADAN,Gulab MM
2317,PRADAN,Kanaili MM
2318,PRADAN,Ekata MM
2319,PRADAN,Bikash Samiti MM
2320,PRADAN,Basanti MM
2321,PRADAN,Ratarani MM
2322,PRADAN,Balabadi MM
2323,PRADAN,Bikash MM
2324,PRADAN,Jiban Ba MM
2325,PRADAN,Sarana Bikash MM
2326,PRADAN,Golab MM
2327,PRADAN,Kamal MM
2328,PRADAN,Sarojamba MM
2329,PRADAN,Santosi Ma MM
2330,PRADAN,Suraj MM
2331,PRADAN,Sarnom Ba MM
2332,PRADAN,Jyoti Muskan MM
2333,PRADAN,Deep Jyoti MM
2334,PRADAN,Ganpati MM
2335,PRADAN,Surya MM
2336,PRADAN,Jagruti MM
2337,PRADAN,Suddha Bhabati MM
2338,PRADAN,Gramin Bikash MM
2339,PRADAN,Mata Samiti MM
2340,PRADAN,Naya Roshani M M 
2341,PRADAN,Gulab Baha MM B
2342,PRADAN,Golab Baha MM A
2343,PRADAN,Uttam MM
2344,PRADAN,Sigi Saramal MM
2345,PRADAN,Geda Baha MM
2346,PRADAN,Jyoti MM
2347,PRADAN,Jagarani MM
2348,PRADAN,Bikash MM
2349,PRADAN,Santoshi MM
2350,PRADAN,Nirmala MM
2351,PRADAN,Kamala Ba MM
2352,PRADAN,Tiranga MM
2353,PRADAN,Champa Ba MM
2354,PRADAN,Ichha Baha MM
2355,PRADAN,Jagruti MM
2356,PRADAN,Surya MM
2357,PRADAN,Gelanchi MM
2358,PRADAN,Anita MM
2359,PRADAN,Uliba MM
2360,PRADAN,Roshni MM
2361,PRADAN,Golainchi M M 
2362,PRADAN,Mahila Utthan Samiti 
2363,PRADAN,Kamal Phul M M 
2364,PRADAN,Bir Birsa M M
2365,PRADAN,Mahila Jagriti Vikash Samiti
2366,PRADAN,Mamta M.M.
2367,PRADAN,Golainchi Bah M M
2368,PRADAN,Nirmal M.M
2369,PRADAN,Atal Bah M M 
2370,PRADAN,Gulab M.M
2371,PRADAN,Chameli M M
2372,PRADAN,Shanti M.M
2373,PRADAN,Shanti M.M
2374,PRADAN,Ganga Mahila Mandal
2375,PRADAN,Sworoup shg
2376,PRADAN,jyoti mandal
2377,PRADAN,Bikash M M
2378,PRADAN,Jiwan M M
2379,PRADAN,Santi lata M M
2380,PRADAN,Tara M M
2381,PRADAN,Rosani M M
2382,PRADAN,Lili M M
2383,PRADAN,Chamela M M
2384,PRADAN,Chandi A M M
2385,PRADAN,Hira M M
2386,PRADAN,Moti M M
2387,PRADAN,Chameli M M
2388,PRADAN,Khusbu
2389,PRADAN,Aadarsha M M
2390,PRADAN,Saraswati M M
2391,PRADAN,Sawasangin M M
2392,PRADAN,Sarna Samaj  M M
2393,PRADAN,Saraswati M M
2394,PRADAN,Pragati  M M
2395,PRADAN,Rosa M M
2396,PRADAN,Kiran M M
2397,PRADAN,Jyosi M M
2398,PRADAN,Durga M M
2399,PRADAN,Sarajombaha M M
2400,PRADAN,Tara M M
2401,PRADAN,Rosani M M
2402,PRADAN,Jagruti M M
2403,PRADAN,Jiwan jyoti  M M
2404,PRADAN,Santi pradan M M
2405,PRADAN,Gulab M M
2406,PRADAN,Chameli M M
2407,PRADAN,Kiran M M
2408,PRADAN,Shakti M M
2409,PRADAN,Shanti M M
2410,PRADAN,Sambhi AP M M
2411,PRADAN,Aman om M M
2412,PRADAN,Gulab M M
2413,PRADAN,Jagruti M M
2414,PRADAN,Sarajomba M M
2415,PRADAN,Joti M M
